gene,logfoldchange,pval_adj,score
ENSG00000275743,21.098808,1.0,0.05678616
ENSG00000271208,21.054268,1.0,0.05678616
ENSG00000233303,21.019285,1.0,0.05678616
ENSG00000275894,20.807116,1.0,0.05678616
ENSG00000273520,20.320597,1.0,0.02839308
ENSG00000176798,20.274939,1.0,0.02839308
ENSG00000286598,20.264673,1.0,0.02839308
ENSG00000234519,20.210089,1.0,0.02839308
ENSG00000211782,20.20073,1.0,0.02839308
ENSG00000211795,20.20073,1.0,0.02839308
ENSG00000211818,20.175823,1.0,0.02839308
ENSG00000149043,20.16762,1.0,0.02839308
ENSG00000254578,20.150503,1.0,0.02839308
ENSG00000211891,20.106344,1.0,0.02839308
ENSG00000279243,20.076849,1.0,0.02839308
ENSG00000248417,19.939339,1.0,0.02839308
ENSG00000251687,19.919569,1.0,0.02839308
ENSG00000211766,19.902573,1.0,0.02839308
ENSG00000155833,19.870768,1.0,0.02839308
ENSG00000237571,19.853981,1.0,0.02839308
ENSG00000270118,19.73381,1.0,0.02839308
ENSG00000238034,19.718302,1.0,0.02839308
ENSG00000237002,19.71827,1.0,0.02839308
ENSG00000231892,19.702929,1.0,0.02839308
ENSG00000233332,19.39875,1.0,0.02839308
ENSG00000276557,4.076178,1.0,0.052451074
ENSG00000230483,4.052143,1.0,0.052451074
ENSG00000264066,4.0396047,1.0,0.052451074
ENSG00000273111,3.9330144,1.0,0.05244839
ENSG00000281809,3.884031,1.0,0.13328448
ENSG00000272727,3.754863,1.0,0.05244839
ENSG00000259283,3.7425363,1.0,0.05244839
ENSG00000231216,3.7225745,1.0,0.05244839
ENSG00000287120,3.6154895,1.0,0.05244839
ENSG00000278890,3.6003206,1.0,0.05244839
ENSG00000248408,3.55119,1.0,0.05244839
ENSG00000205108,3.5272727,1.0,0.024056649
ENSG00000159527,3.4540532,1.0,0.0524457
ENSG00000286440,3.3753705,1.0,0.0524457
ENSG00000259656,3.3322227,1.0,0.024056649
ENSG00000260176,3.2867785,1.0,0.024056649
ENSG00000206262,3.2099519,1.0,0.048115987
ENSG00000228596,3.1073573,1.0,0.04811061
ENSG00000231510,3.0942864,1.0,0.024056649
ENSG00000285711,3.0742903,1.0,0.048115987
ENSG00000254111,3.046178,1.0,0.024056649
ENSG00000287349,3.045811,1.0,0.024056649
ENSG00000229297,3.0438247,1.0,0.024056649
ENSG00000267505,2.9064589,1.0,0.024056649
ENSG00000244125,2.8907285,1.0,0.024056649
ENSG00000171855,2.8737643,1.0,0.024056649
ENSG00000286498,2.8689446,1.0,0.024056649
ENSG00000227751,2.852704,1.0,0.024056649
ENSG00000177508,2.8277907,1.0,0.024056649
ENSG00000261382,2.8157763,1.0,0.024056649
ENSG00000130700,2.8112268,1.0,0.024056649
ENSG00000235461,2.805516,1.0,0.024056649
ENSG00000188505,2.8001878,1.0,0.04811061
ENSG00000224301,2.7963653,1.0,0.024056649
ENSG00000287930,2.7876854,1.0,0.024056649
ENSG00000134240,2.7824738,1.0,0.024056649
ENSG00000274331,2.7740912,1.0,0.024056649
ENSG00000273342,2.7517438,1.0,0.024056649
ENSG00000211767,2.735623,1.0,0.024056649
ENSG00000232132,2.6738179,1.0,0.024053961
ENSG00000211765,2.6474168,1.0,0.024053961
ENSG00000186572,2.6367674,1.0,0.024053961
ENSG00000137707,2.627265,1.0,0.07216188
ENSG00000213931,2.6238623,1.0,0.024053961
ENSG00000256083,2.622999,1.0,0.024053961
ENSG00000225626,2.6179123,1.0,0.048107922
ENSG00000259396,2.6006649,1.0,0.043780897
ENSG00000109471,2.5721989,1.0,0.024053961
ENSG00000271849,2.5248542,1.0,0.06783889
ENSG00000233975,2.4910178,1.0,0.024053961
ENSG00000249861,2.4625118,1.0,0.04811061
ENSG00000264023,2.453322,1.0,0.024053961
ENSG00000115297,2.4518416,1.0,0.043780897
ENSG00000229393,2.4468935,1.0,0.024053961
ENSG00000239991,2.4359224,1.0,0.024053961
ENSG00000224675,2.4279416,1.0,0.139986
ENSG00000268296,2.3563442,1.0,0.024053961
ENSG00000259828,2.3426597,1.0,0.024053961
ENSG00000253259,2.3403723,1.0,0.06782814
ENSG00000225870,2.3388586,1.0,0.019720217
ENSG00000198074,2.3356311,1.0,0.024053961
ENSG00000285811,2.3289096,1.0,0.04377821
ENSG00000274624,2.3125784,1.0,0.04377821
ENSG00000236641,2.2935212,1.0,0.04377821
ENSG00000179348,2.2806509,1.0,0.06782545
ENSG00000248767,2.262719,1.0,0.019720217
ENSG00000170683,2.246027,1.0,0.024053961
ENSG00000223701,2.2409122,1.0,0.024053961
ENSG00000236837,2.2067204,1.0,0.024053961
ENSG00000225235,2.1986203,1.0,0.06782814
ENSG00000226455,2.191718,1.0,0.019720217
ENSG00000272139,2.1833699,1.0,0.043772835
ENSG00000253682,2.150418,1.0,0.043770146
ENSG00000211875,2.1443737,1.0,0.043772835
ENSG00000214414,2.080321,1.0,0.019720217
ENSG00000287059,2.0748696,1.0,0.019720217
ENSG00000258869,2.0676486,1.0,0.06349977
ENSG00000227217,2.063618,1.0,0.06349977
ENSG00000277322,2.062527,1.0,0.043770146
ENSG00000287428,2.059064,1.0,0.019720217
ENSG00000260137,2.058845,1.0,0.019720217
ENSG00000267746,2.0525975,1.0,0.024053961
ENSG00000258842,2.045641,1.0,0.043770146
ENSG00000273264,2.0355077,1.0,0.024053961
ENSG00000259198,2.025434,1.0,0.043770146
ENSG00000229544,2.0180967,1.0,0.039440434
ENSG00000260286,2.012311,1.0,0.06349708
ENSG00000144891,2.0115461,1.0,0.039440434
ENSG00000166391,2.0085142,1.0,0.019720217
ENSG00000255359,1.9978514,1.0,0.14672782
ENSG00000249717,1.9882184,1.0,0.039440434
ENSG00000226854,1.9852678,1.0,0.043770146
ENSG00000130701,1.9502398,1.0,0.019720217
ENSG00000251276,1.9239738,1.0,0.019720217
ENSG00000225102,1.9211016,1.0,0.039440434
ENSG00000224157,1.9133748,1.0,0.019720217
ENSG00000271564,1.8925209,1.0,0.019720217
ENSG00000204347,1.8577415,1.0,0.0986199
ENSG00000263639,1.8471223,1.0,0.01971753
ENSG00000276223,1.8348609,1.0,0.019720217
ENSG00000233392,1.8218668,1.0,0.11834011
ENSG00000253403,1.8188452,1.0,0.01971753
ENSG00000242550,1.7962816,1.0,0.01971753
ENSG00000156885,1.794152,1.0,0.039437745
ENSG00000243772,1.7860279,1.0,0.0985984
ENSG00000242136,1.7791271,1.0,0.019720217
ENSG00000278177,1.7788734,1.0,0.01971753
ENSG00000206104,1.6944968,1.0,0.01971753
ENSG00000254639,1.6630738,1.0,0.01971753
ENSG00000135312,1.6621785,1.0,0.035099972
ENSG00000265678,1.648468,1.0,0.01971753
ENSG00000249818,1.6348822,1.0,0.01971753
ENSG00000237460,1.6305481,1.0,0.09425659
ENSG00000288070,1.6138605,1.0,0.01971753
ENSG00000275226,1.6048397,1.0,0.01971753
ENSG00000203740,1.596144,1.0,0.039429683
ENSG00000160183,1.5960956,1.0,0.14908618
ENSG00000184022,1.5845052,1.0,0.019714842
ENSG00000184991,1.5798361,1.0,0.01971753
ENSG00000287894,1.576022,1.0,0.054816157
ENSG00000266088,1.5703454,1.0,0.05050929
ENSG00000224048,1.56482,1.0,0.01971753
ENSG00000237870,1.5596281,1.0,0.01971753
ENSG00000285649,1.5547851,1.0,0.039426997
ENSG00000285090,1.5543638,1.0,0.19962235
ENSG00000267815,1.5498954,1.0,0.015383785
ENSG00000248050,1.5260876,1.0,0.015383785
ENSG00000133115,1.5144562,1.0,0.059141837
ENSG00000269068,1.5021403,1.0,0.035099972
ENSG00000234169,1.495712,1.0,0.05481078
ENSG00000260070,1.4914278,1.0,0.18414316
ENSG00000260973,1.4830526,1.0,0.01971753
ENSG00000250538,1.4586987,1.0,0.039424308
ENSG00000287331,1.4029505,1.0,0.019714842
ENSG00000230250,1.4026482,1.0,0.015381098
ENSG00000259676,1.3772594,1.0,0.035091907
ENSG00000111537,1.3657023,1.0,0.050487787
ENSG00000197353,1.3619802,1.0,0.015381098
ENSG00000236437,1.3618039,1.0,0.019714842
ENSG00000280515,1.3554461,1.0,0.015381098
ENSG00000213231,1.3448938,1.0,0.06586754
ENSG00000258497,1.3437442,1.0,0.019714842
ENSG00000165863,1.3343563,1.0,0.07451084
ENSG00000178804,1.3321102,1.0,0.030764882
ENSG00000203857,1.3297514,1.0,0.030770257
ENSG00000276473,1.3187125,1.0,0.015381098
ENSG00000233651,1.3162432,1.0,0.035094596
ENSG00000111536,1.3128135,1.0,0.12926383
ENSG00000228048,1.3121618,1.0,0.015381098
ENSG00000225730,1.3113885,1.0,0.019714842
ENSG00000274654,1.3109928,1.0,0.019714842
ENSG00000134595,1.3042505,1.0,0.019714842
ENSG00000235518,1.2998849,1.0,0.030764882
ENSG00000254878,1.2978026,1.0,0.015381098
ENSG00000250821,1.2730039,1.0,0.015383785
ENSG00000287112,1.2685019,1.0,0.015383785
ENSG00000229740,1.2673984,1.0,0.05480272
ENSG00000287233,1.2644204,1.0,0.019714842
ENSG00000239739,1.2616663,1.0,0.019714842
ENSG00000259555,1.2494013,1.0,0.035094596
ENSG00000231814,1.2385976,1.0,0.03076757
ENSG00000286321,1.2365185,1.0,0.29844382
ENSG00000224057,1.2263622,1.0,0.015383785
ENSG00000235495,1.221408,1.0,0.08553804
ENSG00000282390,1.2166153,1.0,0.011047353
ENSG00000275793,1.2142068,1.0,0.015381098
ENSG00000250958,1.2097524,1.0,0.026435168
ENSG00000249332,1.2071954,1.0,0.3906901
ENSG00000273796,1.19827,1.0,0.011047353
ENSG00000259862,1.1946522,1.0,0.019714842
ENSG00000253811,1.1896133,1.0,0.019714842
ENSG00000250348,1.184918,1.0,0.06152439
ENSG00000258489,1.1835963,1.0,0.015381098
ENSG00000259985,1.1754405,1.0,0.061543204
ENSG00000261572,1.1718694,1.0,0.015381098
ENSG00000259203,1.1694703,1.0,0.011047353
ENSG00000261334,1.1685559,1.0,0.015381098
ENSG00000260711,1.143059,1.0,0.23075677
ENSG00000265697,1.1423999,1.0,0.01537841
ENSG00000271148,1.1356747,1.0,0.015381098
ENSG00000131721,1.1337032,1.0,0.015381098
ENSG00000249395,1.133142,1.0,0.26145178
ENSG00000188389,1.1328813,1.0,0.20680225
ENSG00000286378,1.1310323,1.0,0.035094596
ENSG00000285595,1.1152339,1.0,0.022100082
ENSG00000237402,1.1139504,1.0,0.01537841
ENSG00000203883,1.1081526,1.0,0.046132542
ENSG00000258793,1.1073514,1.0,0.019714842
ENSG00000117560,1.1073269,1.0,0.15805738
ENSG00000224610,1.0913155,1.0,0.030759508
ENSG00000236481,1.0788618,1.0,0.01537841
ENSG00000263609,1.0785011,1.0,0.015381098
ENSG00000117215,1.0704829,1.0,0.026432483
ENSG00000166589,1.0670893,1.0,0.015381098
ENSG00000260633,1.0619324,1.0,0.011047353
ENSG00000157111,1.0459191,1.0,0.03747849
ENSG00000224192,1.0456045,1.0,0.114421606
ENSG00000286435,1.0286248,1.0,0.01537841
ENSG00000156466,1.015461,1.0,0.057183925
ENSG00000107984,1.0114042,1.0,0.06824069
ENSG00000229565,1.004605,1.0,0.03075682
ENSG00000226917,0.99224544,1.0,0.03747849
ENSG00000248912,0.98157316,1.0,0.01537841
ENSG00000287230,0.98133904,1.0,0.026427107
ENSG00000167332,0.9773706,1.0,0.015375722
ENSG00000285831,0.9734591,1.0,0.026427107
ENSG00000183542,0.96436256,1.0,0.24229193
ENSG00000164484,0.9641386,1.0,0.45535627
ENSG00000287771,0.96144634,1.0,0.06392575
ENSG00000260832,0.94076586,1.0,0.23529612
ENSG00000176083,0.9371191,1.0,0.09466645
ENSG00000259002,0.93689376,1.0,0.01537841
ENSG00000206177,0.9340589,1.0,0.024501447
ENSG00000227705,0.9322782,1.0,0.011044665
ENSG00000269729,0.9316023,1.0,0.055290516
ENSG00000250905,0.92588186,1.0,0.011047353
ENSG00000236520,0.9023648,1.0,0.037473116
ENSG00000267670,0.8945119,1.0,0.01537841
ENSG00000269210,0.8800569,1.0,0.094604634
ENSG00000205693,0.8749139,1.0,0.10754137
ENSG00000255839,0.8660828,1.0,0.011044665
ENSG00000262094,0.8603744,1.0,0.011044665
ENSG00000127928,0.8492688,1.0,0.25384858
ENSG00000258115,0.84761846,1.0,0.01537841
ENSG00000257500,0.8311982,1.0,0.006710921
ENSG00000260992,0.8294777,1.0,0.07062458
ENSG00000185897,0.8260629,1.0,0.022086643
ENSG00000257023,0.8138252,1.0,0.044200163
ENSG00000235168,0.812352,1.0,0.011041977
ENSG00000113088,0.8086479,1.0,0.13443342
ENSG00000130383,0.8044067,1.0,0.011041977
ENSG00000261889,0.80366033,1.0,0.11664827
ENSG00000224935,0.7711284,1.0,0.030746069
ENSG00000278052,0.76555985,1.0,0.03745968
ENSG00000181433,0.76481307,1.0,0.21442427
ENSG00000167286,0.7639425,1.0,0.16162919
ENSG00000196431,0.7602974,1.0,0.022081267
ENSG00000288064,0.75967073,1.0,0.15220514
ENSG00000253561,0.75048643,1.0,0.011044665
ENSG00000268818,0.7492757,1.0,0.011044665
ENSG00000223609,0.74529076,1.0,0.0023744889
ENSG00000226996,0.7344541,1.0,0.026413668
ENSG00000251026,0.72358674,1.0,0.18780231
ENSG00000213145,0.71532,1.0,0.2346269
ENSG00000272763,0.7133865,1.0,0.022078581
ENSG00000255516,0.7053365,1.0,0.01343528
ENSG00000181577,0.6982083,1.0,0.011041977
ENSG00000254224,0.6940327,1.0,0.026413668
ENSG00000234264,0.6919824,1.0,0.028794877
ENSG00000258010,0.68206775,1.0,0.026408294
ENSG00000066813,0.6801663,1.0,0.0023744889
ENSG00000172215,0.66722584,1.0,0.18154424
ENSG00000169442,0.66481763,1.0,0.1884003
ENSG00000160654,0.6646072,1.0,0.22426355
ENSG00000182791,0.66346014,1.0,0.011039291
ENSG00000249290,0.6628916,1.0,0.006710921
ENSG00000205809,0.6519783,1.0,0.16539316
ENSG00000211689,0.64993393,1.0,0.14579119
ENSG00000263611,0.6470395,1.0,0.039827447
ENSG00000228420,0.6440922,1.0,0.08829013
ENSG00000171540,0.64342225,1.0,0.011041977
ENSG00000159650,0.63626677,1.0,0.033120558
ENSG00000243795,0.6159228,1.0,0.011039291
ENSG00000122224,0.6147449,1.0,0.27443287
ENSG00000160856,0.61452025,1.0,0.10595568
ENSG00000181847,0.6143692,1.0,0.1880993
ENSG00000227191,0.60528356,1.0,0.25639105
ENSG00000227292,0.6003519,1.0,0.011041977
ENSG00000117090,0.5966994,1.0,0.21504511
ENSG00000166069,0.5964287,1.0,0.013427217
ENSG00000256039,0.5885934,1.0,0.059996493
ENSG00000172410,0.5820883,1.0,0.022075893
ENSG00000105374,0.57557386,1.0,0.42111498
ENSG00000156738,0.57316816,1.0,0.031176085
ENSG00000027869,0.5723469,1.0,0.20900877
ENSG00000280953,0.56229764,1.0,0.09303374
ENSG00000285744,0.55471736,1.0,0.35226154
ENSG00000235576,0.5469609,1.0,0.197995
ENSG00000182187,0.53797245,1.0,0.022075893
ENSG00000134545,0.53651077,1.0,0.11566596
ENSG00000253614,0.5133011,1.0,0.006705546
ENSG00000271503,0.5068485,1.0,0.45118916
ENSG00000172116,0.5056139,1.0,0.14932673
ENSG00000235300,0.49614158,1.0,0.033562668
ENSG00000228417,0.4946438,1.0,0.006705546
ENSG00000188120,0.49127057,1.0,0.006705546
ENSG00000227757,0.49064404,1.0,0.3159911
ENSG00000185915,0.47830787,1.0,0.07573638
ENSG00000136573,0.47625536,1.0,0.08429906
ENSG00000184735,0.4748458,1.0,0.011039291
ENSG00000261175,0.46994263,1.0,0.006705546
ENSG00000249955,0.4682146,1.0,0.011039291
ENSG00000271893,0.4596116,1.0,0.13796762
ENSG00000244734,0.4592211,1.0,0.15203716
ENSG00000285354,0.4566388,1.0,0.011036603
ENSG00000168229,0.45391473,1.0,0.25865132
ENSG00000186407,0.45069143,1.0,0.21097206
ENSG00000241490,0.4504039,1.0,0.07574982
ENSG00000115607,0.44458854,1.0,0.1647683
ENSG00000273956,0.4386498,1.0,0.006705546
ENSG00000116824,0.43832362,1.0,0.2848231
ENSG00000149443,0.436226,1.0,0.017738117
ENSG00000180644,0.43533683,1.0,0.3128426
ENSG00000238121,0.43409967,1.0,0.21408832
ENSG00000163734,0.42455542,1.0,0.02206783
ENSG00000274225,0.41239443,1.0,0.0023718013
ENSG00000160593,0.40733632,1.0,0.3565442
ENSG00000167984,0.4065988,1.0,0.36265042
ENSG00000261403,0.40637967,1.0,0.011039291
ENSG00000164330,0.4060204,1.0,0.16096804
ENSG00000182866,0.40230677,1.0,0.2059812
ENSG00000238242,0.3892783,1.0,0.0047570406
ENSG00000162772,0.38254142,1.0,0.6089926
ENSG00000275898,0.37317598,1.0,0.033082932
ENSG00000244649,0.3727482,1.0,0.0884917
ENSG00000215231,0.37173882,1.0,0.013403028
ENSG00000259097,0.37113136,1.0,0.011462586
ENSG00000254971,0.36377946,1.0,0.0023691137
ENSG00000229619,0.36017564,1.0,0.2171495
ENSG00000106538,0.35830125,1.0,0.075548254
ENSG00000234469,0.3558395,1.0,0.006705546
ENSG00000242880,0.3539875,1.0,1.1008235
ENSG00000213809,0.3523423,1.0,0.25392115
ENSG00000125726,0.35170868,1.0,0.08154158
ENSG00000234840,0.35157576,1.0,0.11430738
ENSG00000211751,0.34745228,1.0,0.06890184
ENSG00000178457,0.3472895,1.0,0.011036603
ENSG00000160185,0.3457581,1.0,0.069906995
ENSG00000236836,0.34439635,1.0,0.015780205
ENSG00000147138,0.34406513,1.0,0.14367068
ENSG00000287955,0.3437619,1.0,0.013405716
ENSG00000235688,0.34097585,1.0,0.0023718013
ENSG00000073282,0.34003752,1.0,0.2144928
ENSG00000236213,0.33994612,1.0,0.17996663
ENSG00000250437,0.3392892,1.0,0.05598929
ENSG00000147571,0.33472013,1.0,0.064557336
ENSG00000248752,0.33401075,1.0,0.38201723
ENSG00000163606,0.33034712,1.0,0.2340867
ENSG00000163534,0.33015695,1.0,0.030244833
ENSG00000272141,0.32794875,1.0,0.006705546
ENSG00000167633,0.32762054,1.0,0.020095136
ENSG00000164483,0.3263147,1.0,0.44253108
ENSG00000198851,0.32019043,1.0,0.09730163
ENSG00000165304,0.31919888,1.0,0.37026438
ENSG00000256128,0.31854486,1.0,0.106423326
ENSG00000115085,0.31474787,1.0,0.1947054
ENSG00000237013,0.31438172,1.0,0.0023718013
ENSG00000231918,0.31342837,1.0,0.6494059
ENSG00000131747,0.31143343,1.0,0.12391015
ENSG00000211897,0.31096697,1.0,0.006702858
ENSG00000213949,0.30934405,1.0,0.25156412
ENSG00000243144,0.30866575,1.0,0.3310282
ENSG00000236668,0.3080247,1.0,0.051181186
ENSG00000251129,0.30597383,1.0,0.2570307
ENSG00000085265,0.28808427,1.0,0.13196218
ENSG00000229855,0.2876121,1.0,0.2836755
ENSG00000126353,0.2828419,1.0,0.011451836
ENSG00000249993,0.2815908,1.0,0.07117285
ENSG00000257746,0.27992395,1.0,0.007131529
ENSG00000233535,0.27521864,1.0,0.009070628
ENSG00000139053,0.2704802,1.0,0.02441813
ENSG00000211829,0.26831132,1.0,0.018119754
ENSG00000156970,0.26409343,1.0,0.19243303
ENSG00000122025,0.26379973,1.0,0.34239134
ENSG00000013725,0.26366848,1.0,0.23906413
ENSG00000211772,0.26209214,1.0,0.066173926
ENSG00000142025,0.2603052,1.0,0.0023744889
ENSG00000241754,0.25553203,1.0,0.011036603
ENSG00000287335,0.25108784,1.0,0.5344387
ENSG00000221938,0.25085092,1.0,0.0023691137
ENSG00000179241,0.2494122,1.0,1.2284667
ENSG00000148680,0.24706617,1.0,0.6633787
ENSG00000184371,0.2461904,1.0,0.061500203
ENSG00000253298,0.24466835,1.0,0.21077451
ENSG00000283117,0.24190302,1.0,0.13100137
ENSG00000154645,0.24177037,1.0,0.243887
ENSG00000051341,0.24144639,1.0,0.36560947
ENSG00000169429,0.23945695,1.0,0.046799064
ENSG00000050730,0.238574,1.0,0.06956836
ENSG00000262655,0.23619331,1.0,1.0835598
ENSG00000146285,0.23590277,1.0,0.25252628
ENSG00000132204,0.23342103,1.0,0.16610134
ENSG00000205549,0.23066314,1.0,0.13823906
ENSG00000226777,0.23064664,1.0,0.002366426
ENSG00000099860,0.2304287,1.0,0.72473377
ENSG00000253980,0.22983672,1.0,0.070646085
ENSG00000264630,0.2280811,1.0,1.374063
ENSG00000073861,0.2264049,1.0,0.08745967
ENSG00000286391,0.22425686,1.0,0.0047436026
ENSG00000100385,0.2232331,1.0,0.058500845
ENSG00000205045,0.22006343,1.0,0.22250317
ENSG00000126759,0.218753,1.0,0.084429406
ENSG00000231079,0.21746941,1.0,0.5521298
ENSG00000203710,0.2170739,1.0,0.33704573
ENSG00000189229,0.21689689,1.0,0.13920929
ENSG00000253161,0.21373764,1.0,1.1447213
ENSG00000100351,0.21103683,1.0,0.16957639
ENSG00000004468,0.21079849,1.0,0.094240464
ENSG00000163519,0.21066055,1.0,0.0300137
ENSG00000163492,0.21060048,1.0,0.12731399
ENSG00000185338,0.20959103,1.0,0.10756286
ENSG00000256717,0.20829271,1.0,0.3042759
ENSG00000161405,0.20810321,1.0,0.29471612
ENSG00000135272,0.20724386,1.0,0.40274662
ENSG00000106462,0.20380023,1.0,1.1071179
ENSG00000230426,0.20279546,1.0,0.63509446
ENSG00000259395,0.19999473,1.0,0.0067001707
ENSG00000250945,0.19908743,1.0,0.0023637384
ENSG00000138378,0.19386823,1.0,0.7709066
ENSG00000183508,0.19370103,1.0,0.052193064
ENSG00000115963,0.19368085,1.0,0.1484882
ENSG00000143476,0.1905906,1.0,0.123067595
ENSG00000287732,0.18605754,1.0,0.92370707
ENSG00000250131,0.18507595,1.0,1.3623976
ENSG00000286746,0.18482816,1.0,0.77445424
ENSG00000250453,0.1840087,1.0,0.08644913
ENSG00000249001,0.18162185,1.0,0.14614193
ENSG00000288859,0.1808718,1.0,0.9155193
ENSG00000104368,0.18011391,1.0,0.9963608
ENSG00000168671,0.17958422,1.0,0.0004138894
ENSG00000273802,0.17905693,1.0,0.81023955
ENSG00000230937,0.17894031,1.0,0.009065253
ENSG00000185697,0.17852858,1.0,0.26326323
ENSG00000259035,0.17772868,1.0,0.18713982
ENSG00000023445,0.17764883,1.0,0.17794825
ENSG00000197540,0.17642485,1.0,0.02857718
ENSG00000228789,0.17536403,1.0,0.5624623
ENSG00000234323,0.1751601,1.0,0.66381276
ENSG00000173077,0.17353213,1.0,0.8104841
ENSG00000277749,0.17160685,1.0,0.0067001707
ENSG00000134539,0.17072955,1.0,0.45711395
ENSG00000108984,0.16970015,1.0,1.0647492
ENSG00000104321,0.16950633,1.0,0.016607983
ENSG00000119508,0.16903745,1.0,0.12742686
ENSG00000165929,0.1680758,1.0,0.21970539
ENSG00000270996,0.16664664,1.0,0.0023637384
ENSG00000054654,0.16379754,1.0,0.48321587
ENSG00000182162,0.16283752,1.0,0.7537786
ENSG00000162739,0.1595506,1.0,0.13028379
ENSG00000147403,0.15906252,1.0,2.2992818
ENSG00000255733,0.15693825,1.0,0.20153861
ENSG00000286121,0.15674914,1.0,0.43289605
ENSG00000139734,0.15047623,1.0,0.10166091
ENSG00000286458,0.15020145,1.0,0.5537383
ENSG00000143878,0.1489176,1.0,0.7060093
ENSG00000249835,0.14643386,1.0,0.0460116
ENSG00000283683,0.14544405,1.0,0.14844923
ENSG00000172322,0.14412136,1.0,0.10513597
ENSG00000179088,0.14065243,1.0,0.66009444
ENSG00000256494,0.13942125,1.0,0.0067001707
ENSG00000077498,0.13759863,1.0,0.0070965905
ENSG00000153898,0.1374027,1.0,0.18639536
ENSG00000115590,0.13656051,1.0,0.04089711
ENSG00000038427,0.1362801,1.0,0.21345942
ENSG00000132122,0.13550624,1.0,2.1125937
ENSG00000205810,0.1350422,1.0,0.035083845
ENSG00000134215,0.13424592,1.0,0.3654294
ENSG00000053524,0.13418701,1.0,1.7438074
ENSG00000211448,0.1337607,1.0,0.1129703
ENSG00000124203,0.13252479,1.0,0.17529291
ENSG00000087074,0.13230449,1.0,0.48094216
ENSG00000197555,0.13202587,1.0,2.381103
ENSG00000234663,0.12928358,1.0,0.09567295
ENSG00000145779,0.12899378,1.0,1.5759914
ENSG00000250331,0.1288492,1.0,0.15263112
ENSG00000198034,0.12814246,1.0,1.3429165
ENSG00000250357,0.12797898,1.0,0.0023691137
ENSG00000080824,0.12653959,1.0,1.9407623
ENSG00000026025,0.124699995,1.0,0.32798854
ENSG00000275395,0.1240439,1.0,1.6002388
ENSG00000172575,0.12377281,1.0,0.30430412
ENSG00000263961,0.12343485,1.0,0.053581208
ENSG00000169439,0.123013474,1.0,0.30323982
ENSG00000180509,0.122513674,1.0,0.2804665
ENSG00000175779,0.122239225,1.0,0.08019107
ENSG00000173369,0.12197843,1.0,1.9114367
ENSG00000124491,0.12069657,1.0,0.8892965
ENSG00000164120,0.120333925,1.0,0.006538915
ENSG00000182389,0.12023377,1.0,1.4692025
ENSG00000111913,0.119705595,1.0,0.58080107
ENSG00000235118,0.11968585,1.0,-0.001970006
ENSG00000145287,0.11957683,1.0,0.7330814
ENSG00000128849,0.119542345,1.0,0.7696569
ENSG00000260314,0.1166831,1.0,1.3573852
ENSG00000273409,0.11650008,1.0,1.3109436
ENSG00000251139,0.116018474,1.0,0.56439734
ENSG00000099954,0.115824625,1.0,0.7787678
ENSG00000214787,0.11497672,1.0,0.87290615
ENSG00000260708,0.113782674,1.0,0.6087856
ENSG00000236230,0.113705635,1.0,0.25230724
ENSG00000273338,0.11349905,1.0,0.4699311
ENSG00000211695,0.11233917,1.0,0.0047301645
ENSG00000235010,0.112171434,1.0,0.006702858
ENSG00000253474,0.11191884,1.0,0.14368144
ENSG00000127946,0.11088868,1.0,0.8569902
ENSG00000161016,0.11080146,1.0,1.2772694
ENSG00000004948,0.110341355,1.0,0.17734355
ENSG00000253184,0.10992682,1.0,0.0861965
ENSG00000259336,0.109794095,1.0,0.5786684
ENSG00000153064,0.10896241,1.0,0.23582827
ENSG00000178878,0.10889727,1.0,0.42183122
ENSG00000234428,0.108367,1.0,1.1679502
ENSG00000251680,0.108111,1.0,0.8005803
ENSG00000196284,0.10800844,1.0,1.6664168
ENSG00000258274,0.10747154,1.0,0.42672804
ENSG00000113263,0.10588308,1.0,0.10903298
ENSG00000115232,0.10542303,1.0,0.26273778
ENSG00000140379,0.10507716,1.0,0.36459357
ENSG00000255886,0.10466987,1.0,0.88902366
ENSG00000259692,0.101992615,1.0,0.18701619
ENSG00000198804,0.10146379,1.0,1.331251
ENSG00000227486,0.101400085,1.0,0.63041806
ENSG00000148773,0.100352086,1.0,0.06898246
ENSG00000065675,0.10031599,1.0,0.5176829
ENSG00000182197,0.10006766,1.0,1.2653835
ENSG00000140988,0.098695025,1.0,1.7199712
ENSG00000155659,0.097607516,1.0,1.5935843
ENSG00000059804,0.09759612,1.0,1.1370401
ENSG00000150760,0.09753867,1.0,0.6503815
ENSG00000184220,0.09653116,1.0,1.7220917
ENSG00000115523,0.09649014,1.0,0.46874854
ENSG00000204287,0.09635222,1.0,1.5209817
ENSG00000253821,0.09601005,1.0,0.045092445
ENSG00000184588,0.09594273,1.0,1.8119527
ENSG00000174946,0.095242165,1.0,0.020629967
ENSG00000264031,0.09405493,1.0,1.4046197
ENSG00000072274,0.09388687,1.0,0.81054056
ENSG00000198242,0.093277134,1.0,1.0561087
ENSG00000137393,0.091551766,1.0,1.3241074
ENSG00000136492,0.09092584,1.0,0.1857369
ENSG00000226571,0.09079119,1.0,0.23996447
ENSG00000034510,0.09054818,1.0,1.0748546
ENSG00000176771,0.089211546,1.0,1.3715864
ENSG00000090104,0.08831774,1.0,1.1904185
ENSG00000155792,0.08770369,1.0,1.0709671
ENSG00000231535,0.08734061,1.0,0.77490306
ENSG00000223351,0.08682897,1.0,0.018474517
ENSG00000099250,0.08633978,1.0,1.2528673
ENSG00000188641,0.08566341,1.0,1.018911
ENSG00000132704,0.085581295,1.0,0.02512228
ENSG00000241343,0.08552271,1.0,0.9478322
ENSG00000165181,0.08512789,1.0,1.1898876
ENSG00000248429,0.084723644,1.0,0.79385465
ENSG00000284999,0.08462455,1.0,0.09815495
ENSG00000089009,0.0840993,1.0,1.0521686
ENSG00000206199,0.08399878,1.0,1.1002901
ENSG00000111371,0.083061725,1.0,0.25539395
ENSG00000139173,0.08269438,1.0,1.0570049
ENSG00000257242,0.08258844,1.0,0.4017952
ENSG00000179388,0.08227589,1.0,0.12529561
ENSG00000102760,0.08159381,1.0,0.18499109
ENSG00000137812,0.08112835,1.0,0.124747336
ENSG00000169122,0.0803336,1.0,0.942066
ENSG00000169508,0.07970301,1.0,0.70668924
ENSG00000254538,0.079437986,1.0,0.54722494
ENSG00000167996,0.07942161,1.0,1.13308
ENSG00000145335,0.07918344,1.0,0.55144846
ENSG00000120278,0.07917926,1.0,0.37537348
ENSG00000118922,0.078625195,1.0,0.93979234
ENSG00000211694,0.07826095,1.0,0.0070831524
ENSG00000225689,0.07818432,1.0,0.75339156
ENSG00000087116,0.07796547,1.0,0.15363091
ENSG00000149256,0.077906154,1.0,0.96269864
ENSG00000157483,0.07742813,1.0,1.0516593
ENSG00000124882,0.077285394,1.0,0.0017012467
ENSG00000145649,0.0771189,1.0,0.017732741
ENSG00000150636,0.07695279,1.0,0.58031726
ENSG00000257748,0.076703385,1.0,0.014537193
ENSG00000237484,0.076637186,1.0,1.1097046
ENSG00000177675,0.076537974,1.0,0.79739153
ENSG00000147872,0.07638315,1.0,0.43618566
ENSG00000075673,0.07587998,1.0,0.005122553
ENSG00000141293,0.075240895,1.0,0.086614415
ENSG00000138135,0.07412307,1.0,0.28487417
ENSG00000152128,0.07395082,1.0,1.0536468
ENSG00000133106,0.073383965,1.0,0.87241167
ENSG00000196684,0.07286174,1.0,0.06283325
ENSG00000074966,0.072645925,1.0,0.21723281
ENSG00000224467,0.07244535,1.0,0.13775797
ENSG00000117154,0.07182928,1.0,0.5999246
ENSG00000064655,0.071180046,1.0,0.35559818
ENSG00000257335,0.0708856,1.0,0.48807234
ENSG00000171044,0.0703819,1.0,1.2801895
ENSG00000100629,0.0693783,1.0,0.7903903
ENSG00000285691,0.06929211,1.0,-0.0034992467
ENSG00000287291,0.06916675,1.0,0.1664131
ENSG00000087086,0.06860004,1.0,1.7376904
ENSG00000223685,0.06859648,1.0,0.3129568
ENSG00000110848,0.0684827,1.0,0.29201373
ENSG00000118181,0.06834734,1.0,0.85370463
ENSG00000170458,0.06807155,1.0,0.9879204
ENSG00000186468,0.067988135,1.0,0.85360926
ENSG00000258561,0.06775395,1.0,0.18643299
ENSG00000166710,0.06767392,1.0,0.66432875
ENSG00000171889,0.06767011,1.0,0.5634244
ENSG00000122547,0.067241035,1.0,0.615725
ENSG00000146555,0.06708421,1.0,0.7799987
ENSG00000274536,0.06637128,1.0,0.83920103
ENSG00000105835,0.0658076,1.0,0.6436249
ENSG00000159189,0.06578607,1.0,0.9256045
ENSG00000105697,0.06527621,1.0,0.70089215
ENSG00000148200,0.06508891,1.0,0.71827817
ENSG00000145428,0.063874364,1.0,0.46928605
ENSG00000177600,0.063637,1.0,0.67262
ENSG00000267586,0.06355884,1.0,0.25444523
ENSG00000229140,0.06345086,1.0,0.54382515
ENSG00000168685,0.06327715,1.0,0.046053257
ENSG00000251513,0.062904716,1.0,0.27675226
ENSG00000248801,0.062837556,1.0,0.02781928
ENSG00000232878,0.06282608,1.0,0.5692027
ENSG00000105810,0.06247527,1.0,0.66790056
ENSG00000112182,0.062018115,1.0,0.25262707
ENSG00000185261,0.06191307,1.0,0.6349493
ENSG00000229117,0.061814956,1.0,1.1982367
ENSG00000139223,0.06177856,1.0,0.002366426
ENSG00000130203,0.061440162,1.0,0.65047824
ENSG00000049192,0.061334033,1.0,0.11723148
ENSG00000248874,0.060965613,1.0,0.24274881
ENSG00000223653,0.060030024,1.0,0.16706349
ENSG00000177954,0.059898756,1.0,0.7602584
ENSG00000184903,0.05974655,1.0,0.9880373
ENSG00000233927,0.05898295,1.0,0.96859795
ENSG00000153563,0.058202576,1.0,0.022153832
ENSG00000145431,0.057820704,1.0,0.8484652
ENSG00000242258,0.057330836,1.0,0.11450492
ENSG00000100316,0.057309665,1.0,0.9248681
ENSG00000158467,0.056617703,1.0,0.8725218
ENSG00000198727,0.056419358,1.0,0.5790044
ENSG00000145703,0.05629809,1.0,0.5599278
ENSG00000224957,0.055913456,1.0,0.3594522
ENSG00000116678,0.05468526,1.0,0.5211808
ENSG00000225528,0.054047454,1.0,-0.008256287
ENSG00000251003,0.053264778,1.0,0.4108887
ENSG00000125148,0.053235732,1.0,0.3968877
ENSG00000135218,0.05315153,1.0,0.091241114
ENSG00000143919,0.05298912,1.0,0.7983604
ENSG00000286093,0.052950066,1.0,0.0023637384
ENSG00000114423,0.052089263,1.0,0.64207417
ENSG00000170153,0.051947843,1.0,0.7773931
ENSG00000100644,0.051437464,1.0,0.8314178
ENSG00000099725,0.050550718,1.0,0.44156355
ENSG00000171132,0.04909044,1.0,0.8577925
ENSG00000010803,0.049051095,1.0,0.82234716
ENSG00000096060,0.04741012,1.0,0.54334134
ENSG00000258168,0.047405675,1.0,0.5085814
ENSG00000183878,0.047285203,1.0,0.46605155
ENSG00000164830,0.04722148,1.0,0.21230108
ENSG00000205056,0.0471737,1.0,0.28286383
ENSG00000152270,0.04554715,1.0,0.27571216
ENSG00000175445,0.045306485,1.0,0.07766876
ENSG00000171791,0.045127805,1.0,0.67131114
ENSG00000251363,0.043163143,1.0,0.020408241
ENSG00000285219,0.04296827,1.0,0.33514425
ENSG00000249534,0.04280357,1.0,0.06303751
ENSG00000249867,0.04269852,1.0,0.4018745
ENSG00000115268,0.04237103,1.0,0.436871
ENSG00000026751,0.042265523,1.0,0.016816271
ENSG00000154229,0.04191381,1.0,0.6067511
ENSG00000152518,0.041773956,1.0,0.6654025
ENSG00000285572,0.041703656,1.0,0.10426922
ENSG00000172809,0.040471487,1.0,0.4090168
ENSG00000154309,0.04033744,1.0,0.24204198
ENSG00000249738,0.040169884,1.0,0.51534337
ENSG00000176463,0.04001259,1.0,0.23589948
ENSG00000112212,0.039765492,1.0,-0.0062983753
ENSG00000159267,0.039653998,1.0,0.49892753
ENSG00000158813,0.039391063,1.0,0.5754218
ENSG00000105372,0.03874988,1.0,1.1435683
ENSG00000104447,0.03850897,1.0,0.79029495
ENSG00000134242,0.038488965,1.0,0.03816114
ENSG00000173482,0.038085617,1.0,0.5552313
ENSG00000229956,0.037675712,1.0,0.22370856
ENSG00000153936,0.03763674,1.0,0.5168699
ENSG00000130208,0.037232365,1.0,0.40705216
ENSG00000159674,0.03715304,1.0,0.064842224
ENSG00000229267,0.03712888,1.0,0.043891087
ENSG00000173436,0.037094917,1.0,0.35364026
ENSG00000285755,0.036980685,1.0,0.25801167
ENSG00000132002,0.036831472,1.0,0.15831538
ENSG00000124496,0.036553286,1.0,0.48248753
ENSG00000142937,0.03585259,1.0,0.4795406
ENSG00000151136,0.03582853,1.0,0.13694364
ENSG00000133048,0.035692334,1.0,0.15523271
ENSG00000169071,0.035431918,1.0,0.108917415
ENSG00000158169,0.035044987,1.0,0.32904208
ENSG00000182185,0.034787755,1.0,1.025763
ENSG00000178538,0.034697995,1.0,0.22791867
ENSG00000247199,0.034472395,1.0,0.26895016
ENSG00000121297,0.033775147,1.0,0.18303318
ENSG00000288016,0.033690784,1.0,0.14737688
ENSG00000165409,0.033632495,1.0,0.27325568
ENSG00000167081,0.03353711,1.0,0.65980417
ENSG00000106211,0.033183236,1.0,0.26888028
ENSG00000204634,0.032962147,1.0,0.58788687
ENSG00000287555,0.032751862,1.0,0.27678853
ENSG00000250938,0.032474335,1.0,0.22526065
ENSG00000137818,0.032186396,1.0,0.4782035
ENSG00000263787,0.031278472,1.0,-0.0003332616
ENSG00000135048,0.030986167,1.0,0.28955325
ENSG00000108700,0.03078448,1.0,-0.0097828405
ENSG00000286618,0.030364832,1.0,0.2917275
ENSG00000250125,0.030325452,1.0,0.78667206
ENSG00000275417,0.030017253,1.0,-0.0062983753
ENSG00000133119,0.029958384,1.0,0.2107127
ENSG00000184178,0.029890625,1.0,0.24313448
ENSG00000008517,0.029708343,1.0,9.137818e-05
ENSG00000236204,0.02933306,1.0,0.18934096
ENSG00000249464,0.029252099,1.0,0.26863572
ENSG00000152953,0.0292158,1.0,0.5326515
ENSG00000258526,0.028264577,1.0,0.3158836
ENSG00000228340,0.028203843,1.0,0.03057675
ENSG00000227110,0.028069127,1.0,0.21161036
ENSG00000133112,0.0276498,1.0,0.075037606
ENSG00000140563,0.027172998,1.0,0.06567538
ENSG00000215421,0.027101226,1.0,0.4999972
ENSG00000287733,0.02702385,1.0,0.056215048
ENSG00000285079,0.026662985,1.0,-0.008256287
ENSG00000254186,0.026611144,1.0,0.058687635
ENSG00000102755,0.026535852,1.0,0.1444474
ENSG00000265972,0.026342155,1.0,0.2685309
ENSG00000176658,0.026053147,1.0,0.27369913
ENSG00000154274,0.02581816,1.0,0.23012385
ENSG00000141376,0.025231823,1.0,0.4064152
ENSG00000170417,0.024908286,1.0,0.026144909
ENSG00000256995,0.02433372,1.0,0.1516273
ENSG00000112297,0.024053637,1.0,0.07736506
ENSG00000108691,0.024031445,1.0,0.048027296
ENSG00000226272,0.023947923,1.0,0.12235807
ENSG00000136942,0.022177123,1.0,0.3159293
ENSG00000152315,0.022147525,1.0,-0.16913831
ENSG00000144455,0.02190099,1.0,0.44858623
ENSG00000227028,0.021840412,1.0,0.35583335
ENSG00000236548,0.021837205,1.0,0.071076095
ENSG00000236256,0.021706386,1.0,0.21409772
ENSG00000172264,0.021289967,1.0,0.19466911
ENSG00000143333,0.021229615,1.0,0.14074928
ENSG00000228655,0.020657403,1.0,0.22337933
ENSG00000147488,0.020344447,1.0,0.039922856
ENSG00000186047,0.020300323,1.0,0.16090487
ENSG00000253778,0.01940992,1.0,-0.0062983753
ENSG00000287616,0.019370005,1.0,0.286226
ENSG00000067798,0.019207437,1.0,-0.33073795
ENSG00000281357,0.018640975,1.0,0.15920094
ENSG00000158321,0.018094024,1.0,0.46342173
ENSG00000136717,0.017895682,1.0,0.09723041
ENSG00000231131,0.017891804,1.0,-0.38182372
ENSG00000118785,0.017434388,1.0,0.30148616
ENSG00000143947,0.017309854,1.0,0.2600408
ENSG00000164136,0.017019404,1.0,0.13559178
ENSG00000114541,0.016739793,1.0,-0.3620457
ENSG00000120129,0.016226538,1.0,0.16401307
ENSG00000122574,0.016204191,1.0,0.13547352
ENSG00000255968,0.015926005,1.0,0.1724763
ENSG00000115738,0.015562145,1.0,0.13902652
ENSG00000154217,0.015555105,1.0,0.113388225
ENSG00000137727,0.015423881,1.0,0.122629516
ENSG00000148737,0.015223902,1.0,0.051625982
ENSG00000115592,0.015097191,1.0,-0.0063010626
ENSG00000019169,0.015030954,1.0,0.020709252
ENSG00000231969,0.014834724,1.0,0.100102104
ENSG00000125246,0.014609476,1.0,0.09647654
ENSG00000108298,0.014598818,1.0,0.19711348
ENSG00000198763,0.01459756,1.0,0.22447722
ENSG00000174473,0.013844758,1.0,0.1525478
ENSG00000124635,0.013661653,1.0,-0.00273597
ENSG00000116741,0.01350357,1.0,0.038300894
ENSG00000169432,0.013423655,1.0,-0.0134702185
ENSG00000128016,0.01329818,1.0,0.1749368
ENSG00000174944,0.013072103,1.0,0.08592236
ENSG00000158270,0.012999379,1.0,0.08586189
ENSG00000107643,0.012897508,1.0,-0.025792835
ENSG00000188511,0.012406548,1.0,0.21943663
ENSG00000163590,0.011964063,1.0,0.13102555
ENSG00000167526,0.0115880035,1.0,0.08417811
ENSG00000151090,0.011368362,1.0,0.42626038
ENSG00000237978,0.011056508,1.0,0.060288098
ENSG00000163297,0.010799622,1.0,-0.012814445
ENSG00000204472,0.010632319,1.0,0.060285408
ENSG00000006747,0.010629946,1.0,0.44668877
ENSG00000258733,0.010618092,1.0,0.12701029
ENSG00000128573,0.010608348,1.0,0.0066141677
ENSG00000172985,0.009861105,1.0,0.44352818
ENSG00000168209,0.009496747,1.0,0.065801695
ENSG00000221869,0.009350511,1.0,-0.015574604
ENSG00000115183,0.009348879,1.0,0.17841858
ENSG00000275119,0.009227548,1.0,-0.006796924
ENSG00000198886,0.008894918,1.0,0.09068478
ENSG00000224968,0.008769286,1.0,0.034856744
ENSG00000137501,0.008699258,1.0,0.02673618
ENSG00000257261,0.008675266,1.0,0.07080196
ENSG00000129084,0.008552625,1.0,0.009471079
ENSG00000227531,0.008469817,1.0,0.05122553
ENSG00000123146,0.008419141,1.0,0.051009182
ENSG00000286072,0.0082781715,1.0,0.0045527834
ENSG00000180611,0.008128563,1.0,0.06739678
ENSG00000245534,0.008103221,1.0,0.11217209
ENSG00000108107,0.00808631,1.0,0.2608175
ENSG00000197329,0.0078060357,1.0,-0.19473496
ENSG00000261645,0.0077462606,1.0,0.032748327
ENSG00000198786,0.0077313907,1.0,0.067183115
ENSG00000196562,0.0075499606,1.0,0.01730004
ENSG00000188269,0.007203309,1.0,-0.010634807
ENSG00000110777,0.00676553,1.0,0.007841054
ENSG00000253557,0.00625345,1.0,0.01043055
ENSG00000177575,0.006139007,1.0,0.18232635
ENSG00000228221,0.0059452835,1.0,0.08884109
ENSG00000176728,0.0056579104,1.0,0.08144752
ENSG00000234906,0.005586547,1.0,0.024799768
ENSG00000249806,0.0050842804,1.0,0.023438502
ENSG00000007237,0.005022666,1.0,-0.30049714
ENSG00000104432,0.00483312,1.0,0.036376577
ENSG00000235749,0.0045473534,1.0,0.009428078
ENSG00000172673,0.0043400065,1.0,-0.064478055
ENSG00000232160,0.0043061944,1.0,0.05743253
ENSG00000112699,0.004302492,1.0,0.11533404
ENSG00000134954,0.0040514404,1.0,-0.050456878
ENSG00000134146,0.0040097204,1.0,0.0022831107
ENSG00000156508,0.0037788253,1.0,0.040923987
ENSG00000170542,0.003292173,1.0,-0.32037458
ENSG00000019582,0.0030658522,1.0,-0.26396468
ENSG00000219545,0.0028171022,1.0,-0.06018328
ENSG00000157388,0.002764845,1.0,-0.23303317
ENSG00000090530,0.002219526,1.0,-0.06904697
ENSG00000226149,0.0022118078,1.0,0.066754445
ENSG00000151623,0.0020425662,1.0,0.0776177
ENSG00000165078,0.00136615,1.0,0.0042652106
ENSG00000234184,0.0011732242,1.0,-0.0015816487
ENSG00000111452,0.0011199466,1.0,-0.06494973
ENSG00000211677,0.0010365887,1.0,0.006697483
ENSG00000274441,0.0008491709,1.0,0.12260264
ENSG00000133800,0.00078010344,1.0,-0.026815463
ENSG00000287069,0.00023841545,1.0,-0.020853037
ENSG00000153823,0.00013680506,1.0,-0.013705383
ENSG00000146592,0.00010613338,1.0,0.042685702
ENSG00000123096,1.7321789e-05,1.0,-0.0016878087
ENSG00000249697,0.0,1.0,0.0
ENSG00000224698,0.0,1.0,0.0
ENSG00000259110,0.0,1.0,0.0
ENSG00000233221,0.0,1.0,0.0
ENSG00000273132,0.0,1.0,0.0
ENSG00000249490,0.0,1.0,0.0
ENSG00000183153,0.0,1.0,0.0
ENSG00000265126,0.0,1.0,0.0
ENSG00000270540,0.0,1.0,0.0
ENSG00000278044,0.0,1.0,0.0
ENSG00000266901,0.0,1.0,0.0
ENSG00000228073,0.0,1.0,0.0
ENSG00000226482,0.0,1.0,0.0
ENSG00000205330,0.0,1.0,0.0
ENSG00000233236,0.0,1.0,0.0
ENSG00000230920,0.0,1.0,0.0
ENSG00000211792,0.0,1.0,0.0
ENSG00000175121,0.0,1.0,0.0
ENSG00000230798,0.0,1.0,0.0
ENSG00000205231,0.0,1.0,0.0
ENSG00000228923,0.0,1.0,0.0
ENSG00000263382,0.0,1.0,0.0
ENSG00000280511,0.0,1.0,0.0
ENSG00000233577,0.0,1.0,0.0
ENSG00000273124,0.0,1.0,0.0
ENSG00000226370,0.0,1.0,0.0
ENSG00000230627,0.0,1.0,0.0
ENSG00000268475,0.0,1.0,0.0
ENSG00000267232,0.0,1.0,0.0
ENSG00000180053,0.0,1.0,0.0
ENSG00000225561,0.0,1.0,0.0
ENSG00000154165,0.0,1.0,0.0
ENSG00000124391,0.0,1.0,0.0
ENSG00000287819,0.0,1.0,0.0
ENSG00000226679,0.0,1.0,0.0
ENSG00000287393,0.0,1.0,0.0
ENSG00000259814,0.0,1.0,0.0
ENSG00000235601,0.0,1.0,0.0
ENSG00000284694,0.0,1.0,0.0
ENSG00000266153,0.0,1.0,0.0
ENSG00000261856,0.0,1.0,0.0
ENSG00000273445,0.0,1.0,0.0
ENSG00000272783,0.0,1.0,0.0
ENSG00000253310,0.0,1.0,0.0
ENSG00000102539,0.0,1.0,0.0
ENSG00000204414,0.0,1.0,0.0
ENSG00000235201,0.0,1.0,0.0
ENSG00000255004,0.0,1.0,0.0
ENSG00000153208,-6.2066974e-05,1.0,0.3090074
ENSG00000163600,-0.00042015637,1.0,0.012852072
ENSG00000255240,-0.0006546751,1.0,-0.005996021
ENSG00000229989,-0.0013989501,1.0,0.09920579
ENSG00000107282,-0.0015025312,1.0,-0.16087934
ENSG00000266846,-0.0019703943,1.0,0.028184792
ENSG00000234129,-0.0020642183,1.0,0.031028267
ENSG00000010810,-0.0021167442,1.0,-0.00992797
ENSG00000156273,-0.0023862415,1.0,0.14387494
ENSG00000106066,-0.0026187147,1.0,-0.5388907
ENSG00000000971,-0.0027813478,1.0,0.03115727
ENSG00000198899,-0.0030256505,1.0,-0.13581216
ENSG00000227082,-0.003144998,1.0,0.21681757
ENSG00000143344,-0.0031753615,1.0,-0.054766435
ENSG00000253496,-0.0031987955,1.0,-0.017637333
ENSG00000198121,-0.0037645854,1.0,-0.044747088
ENSG00000197635,-0.0039332304,1.0,-0.015348846
ENSG00000106415,-0.004015873,1.0,0.035989564
ENSG00000188312,-0.0040497854,1.0,-0.022164583
ENSG00000150907,-0.0042269374,1.0,-0.09972987
ENSG00000179104,-0.004761144,1.0,-0.06067511
ENSG00000162599,-0.004887365,1.0,-0.4962937
ENSG00000122862,-0.0057023703,1.0,-0.08730513
ENSG00000125384,-0.005775425,1.0,0.011639968
ENSG00000229807,-0.005993136,1.0,0.047758535
ENSG00000248905,-0.0065886765,1.0,-0.9001879
ENSG00000104760,-0.0066968277,1.0,-0.0499328
ENSG00000231304,-0.006883008,1.0,-0.14902706
ENSG00000145390,-0.007306808,1.0,0.21812509
ENSG00000180573,-0.007323988,1.0,-0.23551919
ENSG00000100979,-0.007509342,1.0,-0.05910421
ENSG00000198821,-0.007702245,1.0,0.029824225
ENSG00000275302,-0.008376855,1.0,0.04097102
ENSG00000152217,-0.0084374985,1.0,-0.023623947
ENSG00000127124,-0.008876937,1.0,-0.48038045
ENSG00000111885,-0.008940506,1.0,-0.16397142
ENSG00000116752,-0.00901489,1.0,-0.041313685
ENSG00000250722,-0.009706513,1.0,-0.08935173
ENSG00000154127,-0.009716433,1.0,-0.7645948
ENSG00000018280,-0.010722046,1.0,-0.12519886
ENSG00000138326,-0.010873341,1.0,-0.22730725
ENSG00000257599,-0.011165335,1.0,-0.14768057
ENSG00000120738,-0.011647842,1.0,-0.05897924
ENSG00000258227,-0.011851431,1.0,-0.10175229
ENSG00000135842,-0.011877339,1.0,-0.024791706
ENSG00000151491,-0.01222648,1.0,-0.30376795
ENSG00000114861,-0.012489861,1.0,-0.5220435
ENSG00000248810,-0.012489899,1.0,-0.0823183
ENSG00000170525,-0.012590143,1.0,-0.030122548
ENSG00000250195,-0.012600269,1.0,-0.042232845
ENSG00000146090,-0.012929045,1.0,-0.5064125
ENSG00000144724,-0.013048357,1.0,-0.24939255
ENSG00000226688,-0.013115043,1.0,0.09926895
ENSG00000183032,-0.0134530105,1.0,-0.047812287
ENSG00000106366,-0.013464484,1.0,-0.07271284
ENSG00000184156,-0.013620308,1.0,-0.9974291
ENSG00000205628,-0.013692088,1.0,0.027803155
ENSG00000186314,-0.014059949,1.0,-0.1804719
ENSG00000147905,-0.014077564,1.0,-0.94659597
ENSG00000187672,-0.01412828,1.0,0.07354599
ENSG00000104324,-0.014195696,1.0,-0.5674397
ENSG00000287728,-0.014262147,1.0,-0.043087497
ENSG00000109906,-0.014516449,1.0,-0.07771983
ENSG00000156011,-0.014743577,1.0,-0.35211775
ENSG00000112419,-0.015285388,1.0,-0.40090024
ENSG00000116117,-0.015372867,1.0,-0.13316354
ENSG00000165246,-0.015674753,1.0,-0.11919746
ENSG00000158373,-0.015713887,1.0,-0.14270315
ENSG00000109458,-0.01581236,1.0,-0.107593775
ENSG00000135821,-0.015838366,1.0,-0.1970221
ENSG00000117115,-0.015921095,1.0,-0.22931622
ENSG00000081985,-0.016079707,1.0,-0.0427408
ENSG00000184838,-0.016248511,1.0,-0.16440547
ENSG00000250863,-0.01632405,1.0,0.007080465
ENSG00000249859,-0.017018737,1.0,-0.16889912
ENSG00000137154,-0.017582027,1.0,-0.14956188
ENSG00000253582,-0.017657299,1.0,-0.1967829
ENSG00000261008,-0.017684821,1.0,-0.051381413
ENSG00000185420,-0.017759893,1.0,-0.23649478
ENSG00000030304,-0.017771192,1.0,-0.008683614
ENSG00000118985,-0.01814925,1.0,-0.17126554
ENSG00000156113,-0.018277233,1.0,-0.67896676
ENSG00000280683,-0.018370753,1.0,-0.007889431
ENSG00000183230,-0.018414428,1.0,-0.17382549
ENSG00000091831,-0.018791715,1.0,-0.2187607
ENSG00000088827,-0.01950351,1.0,-0.18240966
ENSG00000124172,-0.019873999,1.0,-0.22528887
ENSG00000026508,-0.019952055,1.0,-0.11687403
ENSG00000254733,-0.02012501,1.0,-0.092630595
ENSG00000227199,-0.020899413,1.0,-0.0055109104
ENSG00000236088,-0.020959372,1.0,-0.19219518
ENSG00000064763,-0.021010274,1.0,-0.21258327
ENSG00000244694,-0.021152591,1.0,-0.24403886
ENSG00000197980,-0.02120462,1.0,-0.03764378
ENSG00000121966,-0.021279467,1.0,-0.05578369
ENSG00000143185,-0.021315372,1.0,-0.0062983753
ENSG00000151726,-0.021377243,1.0,-0.42987788
ENSG00000188906,-0.021462727,1.0,-0.05653487
ENSG00000173391,-0.021500718,1.0,-0.45662752
ENSG00000231500,-0.021610145,1.0,-0.22601049
ENSG00000186153,-0.021798218,1.0,-0.7206231
ENSG00000170345,-0.021851515,1.0,-0.12471509
ENSG00000122884,-0.021905992,1.0,-0.65026057
ENSG00000109911,-0.022105783,1.0,-0.33703497
ENSG00000115896,-0.022214789,1.0,-0.56112117
ENSG00000100311,-0.022262532,1.0,-0.48713708
ENSG00000170017,-0.022474863,1.0,-0.18673937
ENSG00000134769,-0.023585636,1.0,-0.7386918
ENSG00000253535,-0.023688039,1.0,-0.37617975
ENSG00000277632,-0.024162306,1.0,-0.03653649
ENSG00000150347,-0.024408514,1.0,-0.20783429
ENSG00000249631,-0.024598427,1.0,-0.029501714
ENSG00000287380,-0.025064293,1.0,0.0023637384
ENSG00000140470,-0.025083825,1.0,-0.2379434
ENSG00000137462,-0.02538659,1.0,-0.26634857
ENSG00000114374,-0.025402267,1.0,-0.28580138
ENSG00000164188,-0.02557587,1.0,-0.051226877
ENSG00000103769,-0.025837354,1.0,-0.478053
ENSG00000229153,-0.025970662,1.0,-0.093795665
ENSG00000228061,-0.026168762,1.0,-0.111767605
ENSG00000197520,-0.026297575,1.0,-0.37658694
ENSG00000172667,-0.026794959,1.0,-0.5949902
ENSG00000248323,-0.026888741,1.0,-0.02165394
ENSG00000137441,-0.027065419,1.0,-0.0012013543
ENSG00000149806,-0.027713047,1.0,-0.35954222
ENSG00000198938,-0.027745489,1.0,-0.21026656
ENSG00000151322,-0.028147826,1.0,-0.6724883
ENSG00000171848,-0.028778493,1.0,-0.034061216
ENSG00000167693,-0.029184492,1.0,-0.41548315
ENSG00000112149,-0.029193217,1.0,-0.16153243
ENSG00000175600,-0.029435093,1.0,-0.20758703
ENSG00000140443,-0.029552883,1.0,-0.4074929
ENSG00000189283,-0.02964643,1.0,-1.6827184
ENSG00000248636,-0.029752627,1.0,-0.10420606
ENSG00000145781,-0.030026238,1.0,-0.18887734
ENSG00000100154,-0.030334966,1.0,-0.10554986
ENSG00000258667,-0.030589318,1.0,-0.3803321
ENSG00000198682,-0.030715847,1.0,-0.12075357
ENSG00000227033,-0.03162636,1.0,-0.011054072
ENSG00000101846,-0.031853512,1.0,-0.23651494
ENSG00000243055,-0.031945094,1.0,-0.04407922
ENSG00000124762,-0.03199818,1.0,-0.1847613
ENSG00000221882,-0.03209785,1.0,-0.13760747
ENSG00000285960,-0.03240236,1.0,-0.003165985
ENSG00000254349,-0.032835033,1.0,-0.18974142
ENSG00000196639,-0.033008043,1.0,-0.11055684
ENSG00000258312,-0.03308374,1.0,-0.07784615
ENSG00000204388,-0.03360677,1.0,-0.36714944
ENSG00000004799,-0.03373099,1.0,-0.3621828
ENSG00000132465,-0.033951808,1.0,0.015737204
ENSG00000205542,-0.034135543,1.0,-0.8179449
ENSG00000127152,-0.03428158,1.0,-0.19008811
ENSG00000137959,-0.034663696,1.0,-0.389392
ENSG00000272642,-0.034708723,1.0,0.0113980835
ENSG00000232855,-0.034726795,1.0,-0.12687188
ENSG00000204389,-0.034841456,1.0,-0.29211453
ENSG00000125538,-0.034980513,1.0,-0.120715946
ENSG00000111796,-0.03517259,1.0,-0.0046441616
ENSG00000255045,-0.035384417,1.0,-0.001970006
ENSG00000027075,-0.035510205,1.0,-0.9211444
ENSG00000111962,-0.035998613,1.0,-0.5017549
ENSG00000112773,-0.036187116,1.0,-0.19395287
ENSG00000228065,-0.036243413,1.0,-0.0050647696
ENSG00000105889,-0.036277115,1.0,-0.51236284
ENSG00000136235,-0.0369904,1.0,-0.2623763
ENSG00000164761,-0.03743842,1.0,-0.07474735
ENSG00000250903,-0.03774433,1.0,-1.001056
ENSG00000204103,-0.037989076,1.0,-0.4401203
ENSG00000280739,-0.038369443,1.0,-0.38670304
ENSG00000198840,-0.03869085,1.0,-0.76636726
ENSG00000231672,-0.03931436,1.0,-0.37646735
ENSG00000130066,-0.03959577,1.0,-0.45252892
ENSG00000241316,-0.04006743,1.0,-0.2381705
ENSG00000171914,-0.04123456,1.0,-0.61608917
ENSG00000038945,-0.04154316,1.0,-0.5524187
ENSG00000145808,-0.041765053,1.0,-0.26369324
ENSG00000169372,-0.042031582,1.0,-0.43732923
ENSG00000170677,-0.042094238,1.0,-0.7001584
ENSG00000112576,-0.042380426,1.0,-0.44032457
ENSG00000015133,-0.04351743,1.0,-0.13393085
ENSG00000117724,-0.043609124,1.0,-0.02538432
ENSG00000135678,-0.04407884,1.0,-0.6202106
ENSG00000141837,-0.044124722,1.0,-1.0021875
ENSG00000259124,-0.04413438,1.0,-0.35570836
ENSG00000165675,-0.04502884,1.0,-0.6367836
ENSG00000241743,-0.04516814,1.0,-0.3602222
ENSG00000271938,-0.045343574,1.0,0.006697483
ENSG00000071051,-0.046126176,1.0,-1.027643
ENSG00000184005,-0.046337485,1.0,-1.3546573
ENSG00000119938,-0.04652958,1.0,-0.008686302
ENSG00000132405,-0.046740856,1.0,-0.54101527
ENSG00000285679,-0.046811454,1.0,-0.3982409
ENSG00000133121,-0.04736959,1.0,-0.6759835
ENSG00000248309,-0.04747227,1.0,-0.97776264
ENSG00000288088,-0.04791679,1.0,-0.031729728
ENSG00000161970,-0.048090175,1.0,-0.5114329
ENSG00000109794,-0.048318744,1.0,-1.1073557
ENSG00000269821,-0.04850731,1.0,-0.6258169
ENSG00000198846,-0.04858739,1.0,-0.38385823
ENSG00000101849,-0.048943304,1.0,-0.4176144
ENSG00000163421,-0.049142558,1.0,0.0050876145
ENSG00000198108,-0.04932522,1.0,-0.43629587
ENSG00000276070,-0.049665872,1.0,-0.01621694
ENSG00000257239,-0.05003575,1.0,-0.43825647
ENSG00000152104,-0.050423868,1.0,-0.4637577
ENSG00000171643,-0.051527113,1.0,-0.74582064
ENSG00000254083,-0.0515361,1.0,-0.04988711
ENSG00000227240,-0.05163505,1.0,-0.20102124
ENSG00000074706,-0.05188831,1.0,0.2823532
ENSG00000245662,-0.05225018,1.0,-0.05006718
ENSG00000081026,-0.052440055,1.0,-0.6872136
ENSG00000255274,-0.052485235,1.0,-0.40805462
ENSG00000232053,-0.052785948,1.0,-0.425997
ENSG00000144713,-0.053022098,1.0,-0.63893235
ENSG00000258583,-0.053068865,1.0,-0.25253704
ENSG00000100600,-0.05361384,1.0,-0.55728865
ENSG00000145592,-0.05375305,1.0,-0.64572924
ENSG00000030419,-0.053819697,1.0,-0.6570521
ENSG00000178764,-0.053862497,1.0,-0.6339334
ENSG00000172159,-0.05387997,1.0,-0.4470516
ENSG00000231274,-0.054029476,1.0,0.006697483
ENSG00000112038,-0.054391716,1.0,-0.705965
ENSG00000153283,-0.054935366,1.0,-0.10577562
ENSG00000277851,-0.055052835,1.0,-0.61545086
ENSG00000091879,-0.055459406,1.0,-0.3089187
ENSG00000226453,-0.055959474,1.0,-0.2505012
ENSG00000223727,-0.05597056,1.0,-0.38015473
ENSG00000187837,-0.056283727,1.0,-0.1524645
ENSG00000144642,-0.056478508,1.0,-0.6466968
ENSG00000254226,-0.05666703,1.0,-0.054918285
ENSG00000106799,-0.056818917,1.0,-1.2080894
ENSG00000164674,-0.05733636,1.0,-0.845998
ENSG00000184719,-0.05756762,1.0,-0.5322161
ENSG00000258234,-0.058290474,1.0,-0.359643
ENSG00000163220,-0.058324095,1.0,-0.14266284
ENSG00000287950,-0.058553472,1.0,-0.1817727
ENSG00000142676,-0.05868112,1.0,-0.6923429
ENSG00000169857,-0.058951806,1.0,-0.4147145
ENSG00000129538,-0.059164528,1.0,-0.21704467
ENSG00000139946,-0.060294725,1.0,-0.73712623
ENSG00000187715,-0.060531046,1.0,-0.9305739
ENSG00000224063,-0.06060124,1.0,-0.18505424
ENSG00000177570,-0.06187889,1.0,-1.290913
ENSG00000163564,-0.061990436,1.0,0.0278475
ENSG00000118515,-0.062289085,1.0,-0.9634028
ENSG00000071242,-0.06302752,1.0,-1.0713971
ENSG00000131773,-0.06420368,1.0,-0.99203914
ENSG00000170396,-0.06448716,1.0,-0.74836713
ENSG00000044574,-0.06488641,1.0,-0.6667046
ENSG00000173926,-0.06553965,1.0,-1.1346214
ENSG00000171587,-0.06565567,1.0,-0.946815
ENSG00000165029,-0.06571974,1.0,-0.8308561
ENSG00000258553,-0.0657695,1.0,-0.057105985
ENSG00000182985,-0.06601456,1.0,-0.80256647
ENSG00000239642,-0.06614903,1.0,-0.08751611
ENSG00000107249,-0.06655089,1.0,-0.69223267
ENSG00000271743,-0.066605195,1.0,-0.008267038
ENSG00000155307,-0.066928424,1.0,-1.8682604
ENSG00000286423,-0.06703245,1.0,-0.2826085
ENSG00000239440,-0.067162685,1.0,-0.15534827
ENSG00000169313,-0.06718223,1.0,-1.117711
ENSG00000162365,-0.06897126,1.0,0.0023610508
ENSG00000182132,-0.06925294,1.0,-1.1635855
ENSG00000182601,-0.07013693,1.0,-2.1436944
ENSG00000109099,-0.07080504,1.0,-0.17099679
ENSG00000236790,-0.07140384,1.0,-0.23235051
ENSG00000112394,-0.07149923,1.0,-0.17289558
ENSG00000223829,-0.071551785,1.0,0.0070509017
ENSG00000188649,-0.0720666,1.0,-0.6589939
ENSG00000225427,-0.0721324,1.0,-0.0039426996
ENSG00000253773,-0.07270495,1.0,-0.49430218
ENSG00000287684,-0.07368239,1.0,-1.0507066
ENSG00000285367,-0.07396702,1.0,-1.123414
ENSG00000198712,-0.07399141,1.0,-0.9355916
ENSG00000223725,-0.07426761,1.0,-0.2782573
ENSG00000274588,-0.07452139,1.0,-0.009467048
ENSG00000237877,-0.074554384,1.0,-1.1011581
ENSG00000154655,-0.075573325,1.0,-0.8364597
ENSG00000287150,-0.0758331,1.0,-0.24742389
ENSG00000189057,-0.076121055,1.0,-0.022272088
ENSG00000286811,-0.07623916,1.0,-0.71658635
ENSG00000230131,-0.07684252,1.0,-0.21361262
ENSG00000118689,-0.07718098,1.0,-1.2364811
ENSG00000281903,-0.077215366,1.0,-0.49706236
ENSG00000168329,-0.07859173,1.0,-1.1405555
ENSG00000069702,-0.07881702,1.0,-0.1720033
ENSG00000185130,-0.07931453,1.0,-0.04260642
ENSG00000152208,-0.081261486,1.0,-1.448297
ENSG00000106034,-0.081276536,1.0,-2.160441
ENSG00000166833,-0.08224314,1.0,-1.2561731
ENSG00000183826,-0.08292362,1.0,-1.6706189
ENSG00000185345,-0.08380546,1.0,-1.067934
ENSG00000115604,-0.08405971,1.0,-0.17042165
ENSG00000019485,-0.08475341,1.0,-0.87968427
ENSG00000249307,-0.085225366,1.0,-0.2539346
ENSG00000228043,-0.08545442,1.0,-0.73673385
ENSG00000284418,-0.08605662,1.0,-0.1496882
ENSG00000128918,-0.08714972,1.0,-0.45697153
ENSG00000170873,-0.08773241,1.0,-1.8162783
ENSG00000188517,-0.087873586,1.0,-0.43002704
ENSG00000230690,-0.08822167,1.0,0.006697483
ENSG00000186417,-0.08845192,1.0,-1.6480014
ENSG00000109321,-0.088678375,1.0,-0.025955433
ENSG00000048052,-0.088872224,1.0,-1.5404816
ENSG00000284959,-0.089125045,1.0,-1.1698853
ENSG00000253438,-0.08968662,1.0,-0.17255156
ENSG00000197956,-0.09005366,1.0,-0.23725806
ENSG00000258867,-0.09029052,1.0,-0.50541806
ENSG00000163116,-0.09056976,1.0,-0.77887803
ENSG00000188001,-0.09093405,1.0,-0.84768313
ENSG00000122254,-0.09109893,1.0,-0.22427565
ENSG00000137078,-0.09131625,1.0,-0.005548537
ENSG00000198648,-0.09169829,1.0,-0.45585078
ENSG00000050030,-0.09212996,1.0,-0.550059
ENSG00000120694,-0.09318883,1.0,-1.328241
ENSG00000101463,-0.094111666,1.0,-1.8535203
ENSG00000234156,-0.09443268,1.0,-0.2547328
ENSG00000206190,-0.09472834,1.0,-0.12034506
ENSG00000121101,-0.09473481,1.0,-0.32214972
ENSG00000120337,-0.09493425,1.0,-0.022034235
ENSG00000260971,-0.095019154,1.0,-0.018211134
ENSG00000151276,-0.09541663,1.0,-1.315272
ENSG00000197756,-0.095737375,1.0,-1.2522465
ENSG00000148488,-0.09589254,1.0,-0.072487086
ENSG00000196924,-0.09673622,1.0,-0.16669798
ENSG00000173068,-0.09704999,1.0,-2.6286197
ENSG00000145687,-0.097922556,1.0,-2.1088095
ENSG00000237036,-0.09796724,1.0,-0.34976342
ENSG00000123094,-0.09998912,1.0,-1.754797
ENSG00000163491,-0.100009546,1.0,-1.0862957
ENSG00000142534,-0.100884035,1.0,-1.1338876
ENSG00000156096,-0.10128554,1.0,-0.0019753813
ENSG00000245648,-0.101542845,1.0,-0.039491497
ENSG00000182836,-0.10163262,1.0,-0.5898381
ENSG00000101871,-0.10179871,1.0,-0.23443878
ENSG00000287621,-0.10190309,1.0,-0.2581971
ENSG00000286122,-0.10355505,1.0,-0.44989777
ENSG00000254239,-0.10388452,1.0,0.0023637384
ENSG00000176225,-0.10425206,1.0,-1.6295766
ENSG00000180596,-0.10482451,1.0,-0.53966606
ENSG00000108950,-0.105376735,1.0,-0.8097437
ENSG00000275713,-0.10550692,1.0,-0.2876061
ENSG00000286876,-0.10689206,1.0,-0.00590733
ENSG00000250190,-0.107414104,1.0,-0.0019673184
ENSG00000251598,-0.10770431,1.0,-0.049676135
ENSG00000183674,-0.10780105,1.0,-0.0019726935
ENSG00000140025,-0.1085917,1.0,-0.6628412
ENSG00000196511,-0.108597554,1.0,-1.8975996
ENSG00000255998,-0.109011054,1.0,-0.0019726935
ENSG00000224533,-0.109275356,1.0,-1.1521498
ENSG00000147408,-0.10932528,1.0,-2.0014389
ENSG00000124575,-0.11210485,1.0,-0.3586553
ENSG00000150045,-0.11225703,1.0,-0.05043538
ENSG00000287277,-0.11287462,1.0,-0.22339815
ENSG00000148516,-0.11311995,1.0,-1.6581202
ENSG00000285534,-0.113361776,1.0,-1.9885101
ENSG00000144407,-0.11447202,1.0,-0.510202
ENSG00000152495,-0.114801176,1.0,-0.77996916
ENSG00000198888,-0.11497462,1.0,-1.7493814
ENSG00000129682,-0.11545859,1.0,-0.58723915
ENSG00000123358,-0.11649076,1.0,-0.17513569
ENSG00000196935,-0.1177578,1.0,-2.261255
ENSG00000288048,-0.11948781,1.0,0.0023610508
ENSG00000235221,-0.119538255,1.0,-0.0063064382
ENSG00000273118,-0.119949944,1.0,-0.99565125
ENSG00000187098,-0.120187305,1.0,-1.7983843
ENSG00000120162,-0.12146968,1.0,-1.282713
ENSG00000176046,-0.12167207,1.0,-0.47366148
ENSG00000150991,-0.12641428,1.0,-1.7372363
ENSG00000103569,-0.12683211,1.0,-0.092778414
ENSG00000143546,-0.1270023,1.0,-0.32245478
ENSG00000020577,-0.12923744,1.0,-1.896468
ENSG00000135540,-0.129642,1.0,-1.7378087
ENSG00000047648,-0.13126892,1.0,-1.942465
ENSG00000229370,-0.13244446,1.0,-0.009863468
ENSG00000231574,-0.13266164,1.0,-0.08516715
ENSG00000122877,-0.13268462,1.0,-0.0402494
ENSG00000183019,-0.13426849,1.0,-0.0055781
ENSG00000138795,-0.13488443,1.0,-0.024110401
ENSG00000237943,-0.136676,1.0,-0.061802555
ENSG00000103489,-0.13679464,1.0,-1.5536225
ENSG00000226674,-0.13909659,1.0,-0.43885177
ENSG00000211753,-0.14102542,1.0,-0.008277788
ENSG00000248242,-0.14125392,1.0,-0.04831218
ENSG00000162849,-0.14151071,1.0,-1.6349262
ENSG00000286044,-0.14472137,1.0,-1.1247067
ENSG00000285972,-0.14621022,1.0,-0.66975904
ENSG00000225914,-0.14766753,1.0,-0.5409991
ENSG00000010818,-0.14798705,1.0,-1.6460112
ENSG00000172164,-0.14925577,1.0,-0.29694012
ENSG00000234693,-0.15094633,1.0,-0.00395345
ENSG00000078589,-0.15151143,1.0,-0.033052024
ENSG00000073756,-0.1541271,1.0,-0.08807109
ENSG00000132170,-0.15668751,1.0,-1.7501756
ENSG00000133962,-0.15702145,1.0,-0.10403271
ENSG00000230258,-0.15776223,1.0,-0.21924044
ENSG00000114315,-0.16115226,1.0,-0.023623947
ENSG00000267337,-0.16183338,1.0,-0.06949311
ENSG00000250421,-0.16256967,1.0,-0.060337815
ENSG00000269964,-0.16346131,1.0,-0.42590967
ENSG00000175868,-0.1646442,1.0,-0.35544094
ENSG00000245164,-0.16488653,1.0,-0.32766333
ENSG00000247134,-0.16615565,1.0,-0.65292126
ENSG00000236109,-0.16623665,1.0,-0.0019726935
ENSG00000253949,-0.16716118,1.0,-0.0063064382
ENSG00000232895,-0.16839035,1.0,-0.14302835
ENSG00000231170,-0.16859497,1.0,-0.7180645
ENSG00000286481,-0.17385507,1.0,-0.5539345
ENSG00000276476,-0.17393869,1.0,-0.085512504
ENSG00000170962,-0.17436314,1.0,-0.24761873
ENSG00000234775,-0.17448382,1.0,-0.005923456
ENSG00000148926,-0.17560808,1.0,-0.08194741
ENSG00000249279,-0.17652778,1.0,-1.3254956
ENSG00000066382,-0.1774982,1.0,-0.58397377
ENSG00000100450,-0.17852077,1.0,-0.034778804
ENSG00000232591,-0.17866056,1.0,-1.2454497
ENSG00000251301,-0.18010056,1.0,-0.10764618
ENSG00000091490,-0.18543679,1.0,-0.40581587
ENSG00000177694,-0.18579261,1.0,-2.6490211
ENSG00000133067,-0.19017339,1.0,-0.051580295
ENSG00000271945,-0.19459923,1.0,-0.5605124
ENSG00000085563,-0.19460636,1.0,-0.1885938
ENSG00000158050,-0.19512296,1.0,-0.09098041
ENSG00000161055,-0.19597854,1.0,-0.0019753813
ENSG00000248538,-0.19649158,1.0,-0.30257463
ENSG00000229719,-0.19799107,1.0,-0.0063064382
ENSG00000003436,-0.1995487,1.0,-0.0394149
ENSG00000270792,-0.20041408,1.0,-0.15361209
ENSG00000276085,-0.20237486,1.0,-0.057487626
ENSG00000211899,-0.2030572,1.0,-0.0039642
ENSG00000077984,-0.20478033,1.0,-0.17443287
ENSG00000277224,-0.20654789,1.0,-0.7650584
ENSG00000170819,-0.21050826,1.0,-0.018539019
ENSG00000277734,-0.2124542,1.0,-0.095933646
ENSG00000227674,-0.21346991,1.0,-0.22156924
ENSG00000254066,-0.21515323,1.0,-0.0019753813
ENSG00000153976,-0.21683665,1.0,-0.08965409
ENSG00000229066,-0.22187164,1.0,-0.048392806
ENSG00000285835,-0.22491315,1.0,-0.13123922
ENSG00000286134,-0.2265502,1.0,-0.22949092
ENSG00000163915,-0.22678334,1.0,-0.0019726935
ENSG00000287352,-0.23568736,1.0,-0.033175655
ENSG00000233387,-0.23573437,1.0,-0.008283163
ENSG00000066279,-0.23884456,1.0,-0.089766964
ENSG00000137801,-0.2389452,1.0,-0.1232611
ENSG00000215483,-0.2406997,1.0,-0.5317995
ENSG00000236525,-0.24169531,1.0,-0.0126128765
ENSG00000271959,-0.24386334,1.0,-0.0019780688
ENSG00000198028,-0.24429244,1.0,-0.00395345
ENSG00000228577,-0.24679272,1.0,-0.0019726935
ENSG00000258039,-0.24774317,1.0,-0.02090679
ENSG00000197057,-0.25458407,1.0,-0.079208754
ENSG00000229941,-0.25536728,1.0,0.007034776
ENSG00000257924,-0.2580261,1.0,-0.014601695
ENSG00000286546,-0.25889865,1.0,-0.3018517
ENSG00000261154,-0.27702335,1.0,-0.0019780688
ENSG00000260192,-0.27717316,1.0,-0.33101743
ENSG00000276508,-0.28328,1.0,0.011036603
ENSG00000137869,-0.28415516,1.0,-0.39959407
ENSG00000249109,-0.28606316,1.0,-0.029558152
ENSG00000229925,-0.28827274,1.0,-0.022926517
ENSG00000237410,-0.29812318,1.0,-0.027230697
ENSG00000100453,-0.29903397,1.0,-0.06504782
ENSG00000225535,-0.2995331,1.0,-0.02756799
ENSG00000174807,-0.2997035,1.0,-0.0019780688
ENSG00000286661,-0.30136603,1.0,-0.0019780688
ENSG00000218357,-0.3134722,1.0,-0.025599327
ENSG00000225546,-0.3144296,1.0,-0.12023218
ENSG00000171596,-0.32859755,1.0,-0.020955166
ENSG00000104918,-0.33427238,1.0,-0.007968714
ENSG00000232072,-0.34326628,1.0,-0.014328904
ENSG00000173894,-0.34462908,1.0,-0.014976614
ENSG00000249797,-0.35200888,1.0,-0.2614303
ENSG00000286174,-0.36010984,1.0,-0.040213116
ENSG00000255572,-0.36721116,1.0,-0.014976614
ENSG00000136689,-0.36737025,1.0,-0.054894097
ENSG00000232810,-0.37484306,1.0,-0.3538405
ENSG00000242908,-0.39334062,1.0,-0.174664
ENSG00000276241,-0.40271807,1.0,-0.13602448
ENSG00000250697,-0.4049997,1.0,-0.08254003
ENSG00000211679,-0.4117299,1.0,-0.0019753813
ENSG00000104755,-0.41177237,1.0,-0.021291116
ENSG00000253854,-0.41543752,1.0,-0.014636634
ENSG00000232408,-0.4372336,1.0,-0.01064287
ENSG00000268601,-0.44977653,1.0,-0.0019807564
ENSG00000259867,-0.45553157,1.0,-0.2636583
ENSG00000261272,-0.4562279,1.0,-0.114921495
ENSG00000169583,-0.45816174,1.0,-0.042587604
ENSG00000267313,-0.46145037,1.0,-0.13628249
ENSG00000181104,-0.4736564,1.0,-0.20455812
ENSG00000249114,-0.4880016,1.0,-0.010645558
ENSG00000245832,-0.49002767,1.0,-1.0133222
ENSG00000260673,-0.5003903,1.0,-0.0019807564
ENSG00000257756,-0.5044764,1.0,-0.014979302
ENSG00000205358,-0.5074715,1.0,-0.044919092
ENSG00000287459,-0.5191924,1.0,-0.0063145007
ENSG00000287970,-0.5234767,1.0,-0.025631579
ENSG00000198574,-0.5260966,1.0,-0.19000345
ENSG00000188536,-0.5294737,1.0,-0.1111508
ENSG00000287421,-0.54112977,1.0,-0.15593417
ENSG00000172543,-0.5428097,1.0,-0.13670444
ENSG00000125144,-0.56583947,1.0,-0.259295
ENSG00000107485,-0.5750044,1.0,-0.10909211
ENSG00000258419,-0.60302216,1.0,-0.047277458
ENSG00000268186,-0.6367899,1.0,-0.032319654
ENSG00000264859,-0.64363176,1.0,-0.032316968
ENSG00000187533,-0.6762078,1.0,-0.019315735
ENSG00000261241,-0.68730223,1.0,-0.027983224
ENSG00000258100,-0.68972856,1.0,-0.055711124
ENSG00000226087,-0.69213605,1.0,-0.010653621
ENSG00000143297,-0.6952603,1.0,-0.02565308
ENSG00000277089,-0.70090294,1.0,-0.10725111
ENSG00000227330,-0.7190069,1.0,-0.042665545
ENSG00000286754,-0.7280972,1.0,-0.0019807564
ENSG00000273113,-0.73203754,1.0,-0.01932111
ENSG00000287835,-0.73326147,1.0,-0.032319654
ENSG00000163508,-0.73903334,1.0,-0.10298052
ENSG00000164756,-0.74093765,1.0,-0.18460542
ENSG00000286253,-0.75411165,1.0,-0.019323798
ENSG00000257443,-0.76433647,1.0,-0.072976224
ENSG00000276663,-0.7721197,1.0,-0.012661253
ENSG00000286273,-0.80173695,1.0,-0.014990052
ENSG00000186810,-0.8078433,1.0,-0.034325942
ENSG00000267642,-0.8093414,1.0,-0.019323798
ENSG00000126838,-0.82585055,1.0,-0.22579682
ENSG00000211697,-0.83536077,1.0,-0.027993973
ENSG00000255745,-0.853682,1.0,-0.034344755
ENSG00000170498,-0.8619155,1.0,-0.019326484
ENSG00000272512,-0.87197983,1.0,-0.02366023
ENSG00000107165,-0.8857709,1.0,-0.055977196
ENSG00000259786,-0.88922197,1.0,-0.2968178
ENSG00000123689,-0.8987762,1.0,-0.13340408
ENSG00000251438,-0.9290219,1.0,-0.14636634
ENSG00000287259,-0.9311496,1.0,-0.02366023
ENSG00000241324,-0.97259355,1.0,-0.014998116
ENSG00000178602,-0.98202366,1.0,-0.027993973
ENSG00000177338,-0.9863158,1.0,-0.077453755
ENSG00000254542,-1.0405183,1.0,-0.07329874
ENSG00000286050,-1.0534432,1.0,-0.18960166
ENSG00000231873,-1.0545379,1.0,-0.13793536
ENSG00000273552,-1.0619103,1.0,-0.028004725
ENSG00000224194,-1.1208299,1.0,-0.01933186
ENSG00000253354,-1.1214164,1.0,-0.045334328
ENSG00000156510,-1.1231556,1.0,-0.11640236
ENSG00000288006,-1.1285409,1.0,-0.041000582
ENSG00000265752,-1.1515249,1.0,-0.023673667
ENSG00000250696,-1.1521361,1.0,-0.023668291
ENSG00000241168,-1.1610469,1.0,-0.09496611
ENSG00000229673,-1.189403,1.0,-0.019334547
ENSG00000184709,-1.1914891,1.0,-0.023673667
ENSG00000233128,-1.2030082,1.0,-0.0540045
ENSG00000143816,-1.2184001,1.0,-0.08841779
ENSG00000287246,-1.2320188,1.0,-0.023673667
ENSG00000253395,-1.246961,1.0,-0.049673446
ENSG00000089012,-1.2529918,1.0,-0.12302325
ENSG00000187583,-1.2846808,1.0,-0.028010098
ENSG00000134028,-1.316885,1.0,-0.049676135
ENSG00000169245,-1.3199359,1.0,-0.07770102
ENSG00000128218,-1.4001749,1.0,-0.054009877
ENSG00000106341,-1.440985,1.0,-0.054015253
ENSG00000183691,-1.5492185,1.0,-0.045361202
ENSG00000170476,-1.5733914,1.0,-0.058351684
ENSG00000211895,-1.6548599,1.0,-0.049697634
ENSG00000249605,-16.620405,1.0,-0.004337776
ENSG00000269446,-16.725403,1.0,-0.004337776
ENSG00000163623,-16.92788,1.0,-0.004337776
ENSG00000227960,-16.938885,1.0,-0.004337776
ENSG00000259278,-16.939362,1.0,-0.004337776
ENSG00000230260,-16.974617,1.0,-0.004337776
ENSG00000253380,-17.025482,1.0,-0.004337776
ENSG00000178591,-17.033638,1.0,-0.004337776
ENSG00000285593,-17.040705,1.0,-0.004337776
ENSG00000228730,-17.045717,1.0,-0.004337776
ENSG00000206026,-17.081715,1.0,-0.004337776
ENSG00000236556,-17.09447,1.0,-0.004337776
ENSG00000153303,-17.098278,1.0,-0.004337776
ENSG00000234556,-17.123068,1.0,-0.004337776
ENSG00000273406,-17.125607,1.0,-0.004337776
ENSG00000204174,-17.151472,1.0,-0.004337776
ENSG00000260620,-17.158415,1.0,-0.004337776
ENSG00000287661,-17.165009,1.0,-0.004337776
ENSG00000183128,-17.181349,1.0,-0.004337776
ENSG00000253515,-17.184612,1.0,-0.004337776
ENSG00000135406,-17.192938,1.0,-0.004337776
ENSG00000236950,-17.202616,1.0,-0.004337776
ENSG00000227418,-17.208195,1.0,-0.004337776
ENSG00000276170,-17.210758,1.0,-0.004337776
ENSG00000254201,-17.22861,1.0,-0.004337776
ENSG00000203757,-17.235884,1.0,-0.004337776
ENSG00000237556,-17.242756,1.0,-0.004337776
ENSG00000237874,-17.246675,1.0,-0.004337776
ENSG00000204969,-17.249302,1.0,-0.004337776
ENSG00000261683,-17.253307,1.0,-0.004337776
ENSG00000123307,-17.255026,1.0,-0.004337776
ENSG00000250529,-17.25966,1.0,-0.004337776
ENSG00000255433,-17.260698,1.0,-0.004337776
ENSG00000268894,-17.283014,1.0,-0.004337776
ENSG00000198807,-17.291168,1.0,-0.004337776
ENSG00000253548,-17.294092,1.0,-0.004337776
ENSG00000165953,-17.294416,1.0,-0.004337776
ENSG00000273394,-17.299192,1.0,-0.004337776
ENSG00000283247,-17.308037,1.0,-0.004337776
ENSG00000164729,-17.30986,1.0,-0.004337776
ENSG00000237271,-17.321133,1.0,-0.004337776
ENSG00000204702,-17.321331,1.0,-0.004337776
ENSG00000226193,-17.327576,1.0,-0.004337776
ENSG00000226047,-17.329714,1.0,-0.004337776
ENSG00000257830,-17.329744,1.0,-0.004337776
ENSG00000285611,-17.347631,1.0,-0.004337776
ENSG00000251527,-17.358204,1.0,-0.004337776
ENSG00000268316,-17.364458,1.0,-0.004337776
ENSG00000248366,-17.364904,1.0,-0.004337776
ENSG00000126778,-17.36808,1.0,-0.004337776
ENSG00000286789,-17.370775,1.0,-0.004337776
ENSG00000283033,-17.37103,1.0,-0.004337776
ENSG00000280455,-17.3722,1.0,-0.004337776
ENSG00000287575,-17.385622,1.0,-0.004337776
ENSG00000186146,-17.394156,1.0,-0.004337776
ENSG00000285623,-17.407452,1.0,-0.004337776
ENSG00000250106,-17.409975,1.0,-0.004337776
ENSG00000236656,-17.417604,1.0,-0.004337776
ENSG00000237076,-17.420084,1.0,-0.004337776
ENSG00000286232,-17.423258,1.0,-0.004337776
ENSG00000248597,-17.428818,1.0,-0.004337776
ENSG00000261707,-17.43005,1.0,-0.004337776
ENSG00000258945,-17.43779,1.0,-0.004337776
ENSG00000211649,-17.43985,1.0,-0.004337776
ENSG00000277223,-17.442192,1.0,-0.004337776
ENSG00000285715,-17.442545,1.0,-0.004337776
ENSG00000260568,-17.445538,1.0,-0.004337776
ENSG00000285361,-17.447899,1.0,-0.004337776
ENSG00000260416,-17.45059,1.0,-0.004337776
ENSG00000254508,-17.452297,1.0,-0.004337776
ENSG00000262714,-17.45408,1.0,-0.004337776
ENSG00000236601,-17.45418,1.0,-0.004337776
ENSG00000236720,-17.45565,1.0,-0.004337776
ENSG00000159184,-17.456734,1.0,-0.004337776
ENSG00000287103,-17.45781,1.0,-0.004337776
ENSG00000211873,-17.461308,1.0,-0.004337776
ENSG00000225632,-17.463234,1.0,-0.004337776
ENSG00000273906,-17.471329,1.0,-0.004337776
ENSG00000286518,-17.472239,1.0,-0.004337776
ENSG00000268605,-17.474129,1.0,-0.004337776
ENSG00000258253,-17.476933,1.0,-0.004337776
ENSG00000225255,-17.481318,1.0,-0.004337776
ENSG00000282320,-17.488367,1.0,-0.004337776
ENSG00000245870,-17.489832,1.0,-0.004337776
ENSG00000256721,-17.490948,1.0,-0.004337776
ENSG00000131910,-17.492777,1.0,-0.004337776
ENSG00000205884,-17.494825,1.0,-0.004337776
ENSG00000250451,-17.502262,1.0,-0.004337776
ENSG00000266968,-17.507156,1.0,-0.004337776
ENSG00000254438,-17.512865,1.0,-0.004337776
ENSG00000236389,-17.526962,1.0,-0.004337776
ENSG00000286709,-17.528849,1.0,-0.004337776
ENSG00000250313,-17.550617,1.0,-0.004337776
ENSG00000205143,-17.552145,1.0,-0.004337776
ENSG00000182393,-17.553493,1.0,-0.004337776
ENSG00000223485,-17.556301,1.0,-0.004337776
ENSG00000259731,-17.558252,1.0,-0.004337776
ENSG00000218839,-17.559078,1.0,-0.004337776
ENSG00000236226,-17.55951,1.0,-0.004337776
ENSG00000172236,-17.561556,1.0,-0.004337776
ENSG00000255216,-17.57004,1.0,-0.004337776
ENSG00000232835,-17.576982,1.0,-0.004337776
ENSG00000287652,-17.586433,1.0,-0.004337776
ENSG00000269371,-17.593763,1.0,-0.004337776
ENSG00000260650,-17.594479,1.0,-0.004337776
ENSG00000269543,-17.598612,1.0,-0.004337776
ENSG00000253755,-17.608496,1.0,-0.004337776
ENSG00000197416,-17.610626,1.0,-0.004337776
ENSG00000234601,-17.617006,1.0,-0.004337776
ENSG00000271334,-17.618595,1.0,-0.004337776
ENSG00000276487,-17.633326,1.0,-0.004337776
ENSG00000286617,-17.633345,1.0,-0.004337776
ENSG00000237453,-17.665134,1.0,-0.004337776
ENSG00000254535,-17.673338,1.0,-0.004337776
ENSG00000162897,-17.67883,1.0,-0.004337776
ENSG00000196758,-17.682474,1.0,-0.004337776
ENSG00000176253,-17.69055,1.0,-0.004337776
ENSG00000253469,-17.702087,1.0,-0.004337776
ENSG00000109181,-17.705677,1.0,-0.004337776
ENSG00000271715,-17.716373,1.0,-0.004337776
ENSG00000273877,-17.725185,1.0,-0.004337776
ENSG00000179580,-17.73185,1.0,-0.004337776
ENSG00000203364,-17.739529,1.0,-0.004337776
ENSG00000204936,-17.74488,1.0,-0.004337776
ENSG00000285562,-17.74796,1.0,-0.004337776
ENSG00000248482,-17.78702,1.0,-0.004337776
ENSG00000225337,-17.891596,1.0,-0.008675552
ENSG00000286668,-18.081648,1.0,-0.008675552
ENSG00000286170,-18.11524,1.0,-0.008675552
ENSG00000254219,-18.140656,1.0,-0.008675552
ENSG00000284650,-18.140837,1.0,-0.008675552
ENSG00000175084,-18.167652,1.0,-0.008675552
ENSG00000234300,-18.168024,1.0,-0.008675552
ENSG00000236800,-18.183577,1.0,-0.008675552
ENSG00000251370,-18.194534,1.0,-0.008675552
ENSG00000273355,-18.195757,1.0,-0.008675552
ENSG00000236889,-18.205067,1.0,-0.008675552
ENSG00000186895,-18.205544,1.0,-0.008675552
ENSG00000272554,-18.206526,1.0,-0.008675552
ENSG00000266441,-18.217161,1.0,-0.008675552
ENSG00000178473,-18.21798,1.0,-0.008675552
ENSG00000122145,-18.22233,1.0,-0.008675552
ENSG00000166329,-18.23426,1.0,-0.008675552
ENSG00000286468,-18.235462,1.0,-0.008675552
ENSG00000237786,-18.239746,1.0,-0.008675552
ENSG00000106331,-18.240099,1.0,-0.008675552
ENSG00000198077,-18.244938,1.0,-0.008675552
ENSG00000181693,-18.247608,1.0,-0.008675552
ENSG00000247867,-18.250603,1.0,-0.008675552
ENSG00000196240,-18.25463,1.0,-0.008675552
ENSG00000159166,-18.2552,1.0,-0.008675552
ENSG00000146378,-18.255922,1.0,-0.008675552
ENSG00000260834,-18.258238,1.0,-0.008675552
ENSG00000197176,-18.264942,1.0,-0.008675552
ENSG00000267215,-18.267628,1.0,-0.008675552
ENSG00000233754,-18.269526,1.0,-0.008675552
ENSG00000258798,-18.283134,1.0,-0.008675552
ENSG00000228917,-18.283243,1.0,-0.008675552
ENSG00000124253,-18.284897,1.0,-0.008675552
ENSG00000259383,-18.292576,1.0,-0.008675552
ENSG00000288001,-18.304745,1.0,-0.008675552
ENSG00000264215,-18.307817,1.0,-0.008675552
ENSG00000236495,-18.308088,1.0,-0.008675552
ENSG00000273180,-18.31017,1.0,-0.008675552
ENSG00000206062,-18.318184,1.0,-0.008675552
ENSG00000224517,-18.318995,1.0,-0.008675552
ENSG00000267886,-18.319038,1.0,-0.008675552
ENSG00000262950,-18.319408,1.0,-0.008675552
ENSG00000257653,-18.322243,1.0,-0.008675552
ENSG00000229400,-18.328333,1.0,-0.008675552
ENSG00000226416,-18.333128,1.0,-0.008675552
ENSG00000278981,-18.333626,1.0,-0.008675552
ENSG00000272249,-18.335632,1.0,-0.008675552
ENSG00000286359,-18.337622,1.0,-0.008675552
ENSG00000231882,-18.338402,1.0,-0.008675552
ENSG00000287302,-18.339615,1.0,-0.008675552
ENSG00000282143,-18.341078,1.0,-0.008675552
ENSG00000228559,-18.342453,1.0,-0.008675552
ENSG00000287442,-18.342606,1.0,-0.008675552
ENSG00000267774,-18.3447,1.0,-0.008675552
ENSG00000278522,-18.345219,1.0,-0.008675552
ENSG00000285654,-18.355915,1.0,-0.008675552
ENSG00000285858,-18.356771,1.0,-0.008675552
ENSG00000188257,-18.358809,1.0,-0.008675552
ENSG00000287119,-18.358992,1.0,-0.008675552
ENSG00000187979,-18.361408,1.0,-0.008675552
ENSG00000250164,-18.369617,1.0,-0.008675552
ENSG00000211825,-18.369875,1.0,-0.008675552
ENSG00000274798,-18.370358,1.0,-0.008675552
ENSG00000243572,-18.374037,1.0,-0.008675552
ENSG00000255375,-18.377607,1.0,-0.008675552
ENSG00000186049,-18.383966,1.0,-0.008675552
ENSG00000259290,-18.38795,1.0,-0.008675552
ENSG00000287473,-18.391197,1.0,-0.008675552
ENSG00000249553,-18.391775,1.0,-0.008675552
ENSG00000211799,-18.393,1.0,-0.008675552
ENSG00000256155,-18.394836,1.0,-0.008675552
ENSG00000233258,-18.395975,1.0,-0.008675552
ENSG00000131808,-18.396202,1.0,-0.008675552
ENSG00000261763,-18.396229,1.0,-0.008675552
ENSG00000286352,-18.396387,1.0,-0.008675552
ENSG00000287909,-18.398907,1.0,-0.008675552
ENSG00000235007,-18.402967,1.0,-0.008675552
ENSG00000261435,-18.405031,1.0,-0.008675552
ENSG00000287481,-18.406973,1.0,-0.008675552
ENSG00000250577,-18.410364,1.0,-0.008675552
ENSG00000238250,-18.415745,1.0,-0.008675552
ENSG00000160182,-18.416012,1.0,-0.008675552
ENSG00000187689,-18.417364,1.0,-0.008675552
ENSG00000180708,-18.41755,1.0,-0.008675552
ENSG00000286991,-18.418154,1.0,-0.008675552
ENSG00000287845,-18.41853,1.0,-0.008675552
ENSG00000262179,-18.420622,1.0,-0.008675552
ENSG00000234168,-18.423605,1.0,-0.008675552
ENSG00000246095,-18.42419,1.0,-0.008675552
ENSG00000171402,-18.425068,1.0,-0.008675552
ENSG00000226363,-18.42603,1.0,-0.008675552
ENSG00000274937,-18.426989,1.0,-0.008675552
ENSG00000287535,-18.430115,1.0,-0.008675552
ENSG00000250103,-18.432487,1.0,-0.008675552
ENSG00000259149,-18.434822,1.0,-0.008675552
ENSG00000257787,-18.43699,1.0,-0.008675552
ENSG00000178403,-18.437294,1.0,-0.008675552
ENSG00000205015,-18.438454,1.0,-0.008675552
ENSG00000287747,-18.442307,1.0,-0.008675552
ENSG00000243861,-18.444555,1.0,-0.008675552
ENSG00000240562,-18.449526,1.0,-0.008675552
ENSG00000225350,-18.450527,1.0,-0.008675552
ENSG00000254753,-18.451115,1.0,-0.008675552
ENSG00000211749,-18.451862,1.0,-0.008675552
ENSG00000178343,-18.452045,1.0,-0.008675552
ENSG00000257329,-18.4547,1.0,-0.008675552
ENSG00000254545,-18.457142,1.0,-0.008675552
ENSG00000287959,-18.461744,1.0,-0.008675552
ENSG00000211786,-18.46311,1.0,-0.008675552
ENSG00000287886,-18.463703,1.0,-0.008675552
ENSG00000250597,-18.465734,1.0,-0.008675552
ENSG00000196344,-18.467396,1.0,-0.008675552
ENSG00000211809,-18.468012,1.0,-0.008675552
ENSG00000229569,-18.470894,1.0,-0.008675552
ENSG00000271367,-18.471624,1.0,-0.008675552
ENSG00000286350,-18.478846,1.0,-0.008675552
ENSG00000228799,-18.478876,1.0,-0.008675552
ENSG00000259280,-18.48761,1.0,-0.008675552
ENSG00000186860,-18.488138,1.0,-0.008675552
ENSG00000251619,-18.49113,1.0,-0.008675552
ENSG00000172724,-18.497902,1.0,-0.008675552
ENSG00000233574,-18.500837,1.0,-0.008675552
ENSG00000236678,-18.502531,1.0,-0.008675552
ENSG00000270522,-18.504835,1.0,-0.008675552
ENSG00000286892,-18.50578,1.0,-0.008675552
ENSG00000288089,-18.510958,1.0,-0.008675552
ENSG00000215029,-18.513088,1.0,-0.008675552
ENSG00000255227,-18.51719,1.0,-0.008675552
ENSG00000256034,-18.520348,1.0,-0.008675552
ENSG00000121743,-18.528412,1.0,-0.008675552
ENSG00000254630,-18.535067,1.0,-0.008675552
ENSG00000271803,-18.536112,1.0,-0.008675552
ENSG00000168928,-18.53684,1.0,-0.008675552
ENSG00000235070,-18.538836,1.0,-0.008675552
ENSG00000287247,-18.545647,1.0,-0.008675552
ENSG00000287696,-18.550047,1.0,-0.008675552
ENSG00000249293,-18.555967,1.0,-0.008675552
ENSG00000261055,-18.556444,1.0,-0.008675552
ENSG00000261538,-18.565344,1.0,-0.008675552
ENSG00000211778,-18.565388,1.0,-0.008675552
ENSG00000224406,-18.574814,1.0,-0.008675552
ENSG00000260624,-18.596107,1.0,-0.008675552
ENSG00000228488,-18.61022,1.0,-0.008675552
ENSG00000146678,-18.618149,1.0,-0.008675552
ENSG00000243062,-18.625362,1.0,-0.008675552
ENSG00000286663,-18.627745,1.0,-0.008675552
ENSG00000258481,-18.630926,1.0,-0.0130133275
ENSG00000255298,-18.633083,1.0,-0.008675552
ENSG00000282906,-18.634691,1.0,-0.008675552
ENSG00000229771,-18.673841,1.0,-0.0130133275
ENSG00000226433,-18.686552,1.0,-0.0130133275
ENSG00000259813,-18.75138,1.0,-0.0130133275
ENSG00000184471,-18.768694,1.0,-0.0130133275
ENSG00000253343,-18.795782,1.0,-0.0130133275
ENSG00000234182,-18.806932,1.0,-0.0130133275
ENSG00000174156,-18.808254,1.0,-0.0130133275
ENSG00000241101,-18.812174,1.0,-0.0130133275
ENSG00000187191,-18.820562,1.0,-0.0130133275
ENSG00000287174,-18.82946,1.0,-0.0130133275
ENSG00000228973,-18.841328,1.0,-0.0130133275
ENSG00000263424,-18.8555,1.0,-0.0130133275
ENSG00000277245,-18.871357,1.0,-0.0130133275
ENSG00000259003,-18.876486,1.0,-0.0130133275
ENSG00000259711,-18.880013,1.0,-0.0130133275
ENSG00000198049,-18.890282,1.0,-0.0130133275
ENSG00000166634,-18.896967,1.0,-0.0130133275
ENSG00000286567,-18.901787,1.0,-0.0130133275
ENSG00000263863,-18.905918,1.0,-0.0130133275
ENSG00000237468,-18.90606,1.0,-0.0130133275
ENSG00000275630,-18.910986,1.0,-0.0130133275
ENSG00000230316,-18.922491,1.0,-0.0130133275
ENSG00000274630,-18.925285,1.0,-0.0130133275
ENSG00000243384,-18.930704,1.0,-0.0130133275
ENSG00000287692,-18.933681,1.0,-0.0130133275
ENSG00000238232,-18.934643,1.0,-0.0130133275
ENSG00000171551,-18.935497,1.0,-0.0130133275
ENSG00000231914,-18.937012,1.0,-0.0130133275
ENSG00000229495,-18.937653,1.0,-0.0130133275
ENSG00000224413,-18.945568,1.0,-0.0130133275
ENSG00000223634,-18.945717,1.0,-0.0130133275
ENSG00000177354,-18.949936,1.0,-0.0130133275
ENSG00000211794,-18.95417,1.0,-0.0130133275
ENSG00000253172,-18.96035,1.0,-0.0130133275
ENSG00000243969,-18.965534,1.0,-0.0130133275
ENSG00000214336,-18.970583,1.0,-0.0130133275
ENSG00000228160,-18.971836,1.0,-0.0130133275
ENSG00000287244,-18.98081,1.0,-0.0130133275
ENSG00000185247,-18.981588,1.0,-0.0130133275
ENSG00000267311,-18.98161,1.0,-0.0130133275
ENSG00000253470,-18.982792,1.0,-0.0130133275
ENSG00000203722,-18.98561,1.0,-0.0130133275
ENSG00000248203,-18.98924,1.0,-0.0130133275
ENSG00000255179,-18.990482,1.0,-0.017351104
ENSG00000225595,-18.992796,1.0,-0.0130133275
ENSG00000136834,-18.995838,1.0,-0.0130133275
ENSG00000258460,-18.996826,1.0,-0.0130133275
ENSG00000163518,-18.9982,1.0,-0.0130133275
ENSG00000257737,-19.00242,1.0,-0.0130133275
ENSG00000263065,-19.004456,1.0,-0.0130133275
ENSG00000278239,-19.007317,1.0,-0.0130133275
ENSG00000231989,-19.009378,1.0,-0.0130133275
ENSG00000164265,-19.017263,1.0,-0.0130133275
ENSG00000251256,-19.018614,1.0,-0.0130133275
ENSG00000162892,-19.023544,1.0,-0.0130133275
ENSG00000268157,-19.025238,1.0,-0.0130133275
ENSG00000234520,-19.027523,1.0,-0.0130133275
ENSG00000288108,-19.027647,1.0,-0.0130133275
ENSG00000234712,-19.027697,1.0,-0.0130133275
ENSG00000283157,-19.029905,1.0,-0.0130133275
ENSG00000227479,-19.030188,1.0,-0.0130133275
ENSG00000248228,-19.030975,1.0,-0.0130133275
ENSG00000232959,-19.031082,1.0,-0.0130133275
ENSG00000205636,-19.031744,1.0,-0.0130133275
ENSG00000248332,-19.035624,1.0,-0.0130133275
ENSG00000180305,-19.037462,1.0,-0.0130133275
ENSG00000236377,-19.038984,1.0,-0.0130133275
ENSG00000285568,-19.049519,1.0,-0.0130133275
ENSG00000226594,-19.051168,1.0,-0.0130133275
ENSG00000250765,-19.053366,1.0,-0.017351104
ENSG00000232849,-19.061474,1.0,-0.0130133275
ENSG00000236782,-19.065191,1.0,-0.0130133275
ENSG00000171671,-19.065876,1.0,-0.0130133275
ENSG00000227091,-19.072607,1.0,-0.0130133275
ENSG00000263301,-19.073154,1.0,-0.0130133275
ENSG00000253616,-19.078758,1.0,-0.0130133275
ENSG00000250186,-19.083073,1.0,-0.0130133275
ENSG00000119913,-19.09168,1.0,-0.0130133275
ENSG00000286529,-19.107048,1.0,-0.0130133275
ENSG00000229625,-19.10785,1.0,-0.0130133275
ENSG00000279261,-19.11348,1.0,-0.0130133275
ENSG00000182759,-19.113615,1.0,-0.0130133275
ENSG00000224612,-19.121113,1.0,-0.0130133275
ENSG00000211653,-19.124302,1.0,-0.0130133275
ENSG00000287107,-19.129286,1.0,-0.0130133275
ENSG00000172818,-19.139326,1.0,-0.0130133275
ENSG00000128342,-19.143301,1.0,-0.0130133275
ENSG00000273006,-19.150324,1.0,-0.0130133275
ENSG00000286902,-19.196342,1.0,-0.017351104
ENSG00000286309,-19.227222,1.0,-0.017351104
ENSG00000232947,-19.234762,1.0,-0.017351104
ENSG00000248505,-19.242188,1.0,-0.017351104
ENSG00000196341,-19.257738,1.0,-0.017351104
ENSG00000223716,-19.263338,1.0,-0.017351104
ENSG00000258548,-19.26689,1.0,-0.017351104
ENSG00000287457,-19.282118,1.0,-0.017351104
ENSG00000287105,-19.282862,1.0,-0.017351104
ENSG00000275591,-19.290178,1.0,-0.017351104
ENSG00000277482,-19.29832,1.0,-0.017351104
ENSG00000259037,-19.298817,1.0,-0.017351104
ENSG00000275385,-19.314604,1.0,-0.017351104
ENSG00000274251,-19.315228,1.0,-0.017351104
ENSG00000285254,-19.316353,1.0,-0.017351104
ENSG00000211779,-19.316854,1.0,-0.017351104
ENSG00000285177,-19.320738,1.0,-0.017351104
ENSG00000232415,-19.327425,1.0,-0.017351104
ENSG00000227386,-19.328558,1.0,-0.017351104
ENSG00000258478,-19.342548,1.0,-0.017351104
ENSG00000227071,-19.344759,1.0,-0.017351104
ENSG00000180869,-19.354445,1.0,-0.017351104
ENSG00000286728,-19.35652,1.0,-0.017351104
ENSG00000230229,-19.360249,1.0,-0.017351104
ENSG00000249406,-19.366499,1.0,-0.017351104
ENSG00000288077,-19.368221,1.0,-0.017351104
ENSG00000250544,-19.37668,1.0,-0.017351104
ENSG00000229309,-19.384174,1.0,-0.017351104
ENSG00000254654,-19.384684,1.0,-0.017351104
ENSG00000286740,-19.38491,1.0,-0.017351104
ENSG00000184724,-19.390932,1.0,-0.017351104
ENSG00000102021,-19.397871,1.0,-0.017351104
ENSG00000259518,-19.406,1.0,-0.017351104
ENSG00000250105,-19.41767,1.0,-0.017351104
ENSG00000235009,-19.422997,1.0,-0.017351104
ENSG00000139329,-19.423721,1.0,-0.017351104
ENSG00000230944,-19.447271,1.0,-0.017351104
ENSG00000224691,-19.449648,1.0,-0.017351104
ENSG00000226771,-19.454535,1.0,-0.017351104
ENSG00000231440,-19.459845,1.0,-0.017351104
ENSG00000100721,-19.465227,1.0,-0.017351104
ENSG00000267760,-19.472897,1.0,-0.017351104
ENSG00000228968,-19.477526,1.0,-0.021688879
ENSG00000265927,-19.481274,1.0,-0.017351104
ENSG00000179772,-19.495554,1.0,-0.017351104
ENSG00000251321,-19.498098,1.0,-0.017351104
ENSG00000271742,-19.513445,1.0,-0.017351104
ENSG00000180138,-19.574575,1.0,-0.021688879
ENSG00000256879,-19.576408,1.0,-0.021688879
ENSG00000287301,-19.584093,1.0,-0.021688879
ENSG00000084674,-19.594028,1.0,-0.021688879
ENSG00000267722,-19.598524,1.0,-0.021688879
ENSG00000159251,-19.6045,1.0,-0.021688879
ENSG00000167749,-19.61051,1.0,-0.021688879
ENSG00000260021,-19.630157,1.0,-0.021688879
ENSG00000124812,-19.63473,1.0,-0.021688879
ENSG00000205883,-19.63811,1.0,-0.021688879
ENSG00000214039,-19.65028,1.0,-0.021688879
ENSG00000227148,-19.653124,1.0,-0.021688879
ENSG00000230709,-19.662598,1.0,-0.021688879
ENSG00000258490,-19.670067,1.0,-0.021688879
ENSG00000233693,-19.674868,1.0,-0.021688879
ENSG00000185177,-19.685781,1.0,-0.021688879
ENSG00000274736,-19.691835,1.0,-0.021688879
ENSG00000204424,-19.69217,1.0,-0.021688879
ENSG00000223628,-19.692205,1.0,-0.021688879
ENSG00000274198,-19.693203,1.0,-0.021688879
ENSG00000211675,-19.697672,1.0,-0.021688879
ENSG00000180988,-19.70618,1.0,-0.021688879
ENSG00000197125,-19.721462,1.0,-0.021688879
ENSG00000257155,-19.723343,1.0,-0.021688879
ENSG00000165370,-19.728254,1.0,-0.021688879
ENSG00000282996,-19.752632,1.0,-0.021688879
ENSG00000230065,-19.7543,1.0,-0.026026655
ENSG00000225391,-19.762953,1.0,-0.021688879
ENSG00000286942,-19.763573,1.0,-0.021688879
ENSG00000185847,-19.76959,1.0,-0.021688879
ENSG00000286514,-19.772242,1.0,-0.026026655
ENSG00000283025,-19.776472,1.0,-0.021688879
ENSG00000187513,-19.781982,1.0,-0.026026655
ENSG00000278532,-19.808416,1.0,-0.021688879
ENSG00000224943,-19.810488,1.0,-0.021688879
ENSG00000265107,-19.880432,1.0,-0.026026655
ENSG00000150201,-19.888336,1.0,-0.026026655
ENSG00000237390,-19.888659,1.0,-0.026026655
ENSG00000101200,-19.891844,1.0,-0.026026655
ENSG00000226925,-19.899225,1.0,-0.026026655
ENSG00000008197,-19.903002,1.0,-0.026026655
ENSG00000263171,-19.934858,1.0,-0.026026655
ENSG00000135480,-19.935518,1.0,-0.026026655
ENSG00000257989,-19.936775,1.0,-0.026026655
ENSG00000197838,-19.938654,1.0,-0.026026655
ENSG00000266312,-19.946228,1.0,-0.026026655
ENSG00000229379,-19.946877,1.0,-0.026026655
ENSG00000273958,-19.959848,1.0,-0.026026655
ENSG00000232886,-19.962523,1.0,-0.026026655
ENSG00000260823,-19.965181,1.0,-0.026026655
ENSG00000286692,-19.990242,1.0,-0.026026655
ENSG00000269405,-19.990387,1.0,-0.026026655
ENSG00000267255,-19.990643,1.0,-0.026026655
ENSG00000286737,-20.000595,1.0,-0.026026655
ENSG00000286126,-20.008593,1.0,-0.030364431
ENSG00000170486,-20.012178,1.0,-0.026026655
ENSG00000286487,-20.02553,1.0,-0.026026655
ENSG00000183535,-20.02826,1.0,-0.026026655
ENSG00000254705,-20.035604,1.0,-0.026026655
ENSG00000286621,-20.03871,1.0,-0.030364431
ENSG00000265217,-20.054552,1.0,-0.030364431
ENSG00000235295,-20.058882,1.0,-0.030364431
ENSG00000261202,-20.065214,1.0,-0.030364431
ENSG00000154143,-20.074453,1.0,-0.030364431
ENSG00000136931,-20.086311,1.0,-0.030364431
ENSG00000165188,-20.098822,1.0,-0.030364431
ENSG00000125878,-20.1096,1.0,-0.030364431
ENSG00000268309,-20.116882,1.0,-0.030364431
ENSG00000233587,-20.117699,1.0,-0.030364431
ENSG00000286981,-20.120987,1.0,-0.030364431
ENSG00000162399,-20.148226,1.0,-0.030364431
ENSG00000274090,-20.152624,1.0,-0.034702208
ENSG00000233271,-20.157774,1.0,-0.030364431
ENSG00000287365,-20.161211,1.0,-0.030364431
ENSG00000259937,-20.16466,1.0,-0.030364431
ENSG00000235412,-20.167934,1.0,-0.030364431
ENSG00000286425,-20.191816,1.0,-0.030364431
ENSG00000138755,-20.206064,1.0,-0.030364431
ENSG00000228275,-20.210447,1.0,-0.030364431
ENSG00000167139,-20.211578,1.0,-0.030364431
ENSG00000248528,-20.214678,1.0,-0.030364431
ENSG00000235385,-20.224596,1.0,-0.030364431
ENSG00000204539,-20.225315,1.0,-0.030364431
ENSG00000231782,-20.2275,1.0,-0.030364431
ENSG00000273919,-20.239426,1.0,-0.030364431
ENSG00000126251,-20.262125,1.0,-0.034702208
ENSG00000230891,-20.367132,1.0,-0.034702208
ENSG00000267695,-20.37753,1.0,-0.034702208
ENSG00000250659,-20.390482,1.0,-0.034702208
ENSG00000170323,-20.395126,1.0,-0.030364431
ENSG00000285732,-20.39711,1.0,-0.034702208
ENSG00000229291,-20.408827,1.0,-0.039039984
ENSG00000170893,-20.413057,1.0,-0.034702208
ENSG00000186326,-20.443254,1.0,-0.039039984
ENSG00000173250,-20.446583,1.0,-0.034702208
ENSG00000228604,-20.448572,1.0,-0.039039984
ENSG00000287147,-20.452707,1.0,-0.034702208
ENSG00000253660,-20.496778,1.0,-0.039039984
ENSG00000111057,-20.499086,1.0,-0.039039984
ENSG00000124249,-20.514166,1.0,-0.039039984
ENSG00000263765,-20.524862,1.0,-0.039039984
ENSG00000264404,-20.565037,1.0,-0.039039984
ENSG00000228404,-20.58547,1.0,-0.039039984
ENSG00000103546,-20.62503,1.0,-0.043377757
ENSG00000258854,-20.671207,1.0,-0.043377757
ENSG00000259120,-20.707087,1.0,-0.043377757
ENSG00000271824,-20.71477,1.0,-0.043377757
ENSG00000286295,-20.721605,1.0,-0.043377757
ENSG00000225083,-20.783993,1.0,-0.043377757
ENSG00000234111,-20.794119,1.0,-0.047715534
ENSG00000255187,-20.92472,1.0,-0.05205331
ENSG00000228586,-20.950594,1.0,-0.05205331
ENSG00000286442,-21.094585,1.0,-0.060728863
ENSG00000266765,-21.146276,1.0,-0.060728863
ENSG00000240535,-21.189688,1.0,-0.065066636
ENSG00000196844,-21.242844,1.0,-0.065066636
ENSG00000259150,-21.265873,1.0,-0.065066636
ENSG00000251471,-21.67782,1.0,-0.091093294
ENSG00000164626,-22.104515,1.0,-0.121457726
