symbol,gene,logfoldchange,pval_adj,score
KCNK5,ENSG00000164626,22.160683,1.0,0.13842271
LINC00929,ENSG00000259150,21.321985,1.0,0.074155025
PATE2,ENSG00000196844,21.298954,1.0,0.074155025
,ENSG00000286442,21.15069,1.0,0.06921136
,ENSG00000228586,21.006693,1.0,0.059324022
,ENSG00000255187,20.980818,1.0,0.059324022
GRTP1-AS1,ENSG00000225083,20.840084,1.0,0.049436685
,ENSG00000286295,20.777695,1.0,0.049436685
SMIM32,ENSG00000271824,20.770859,1.0,0.049436685
ERLN,ENSG00000259120,20.763176,1.0,0.049436685
SLC6A2,ENSG00000103546,20.681118,1.0,0.049436685
,ENSG00000228404,20.641554,1.0,0.044493016
,ENSG00000264404,20.621122,1.0,0.044493016
LOC105372058,ENSG00000263765,20.580946,1.0,0.044493016
KCNK15,ENSG00000124249,20.57025,1.0,0.044493016
,ENSG00000253660,20.55286,1.0,0.044493016
,ENSG00000287147,20.50879,1.0,0.039549347
,ENSG00000228604,20.504654,1.0,0.044493016
RGS9BP,ENSG00000186326,20.499334,1.0,0.044493016
TRH,ENSG00000170893,20.469137,1.0,0.039549347
,ENSG00000285732,20.45319,1.0,0.039549347
FABP4,ENSG00000170323,20.451206,1.0,0.03460568
GPR42,ENSG00000126251,20.318201,1.0,0.039549347
LINC00575,ENSG00000231782,20.283577,1.0,0.03460568
LINC02154,ENSG00000235385,20.280672,1.0,0.03460568
,ENSG00000248528,20.270752,1.0,0.03460568
TBC1D21,ENSG00000167139,20.267654,1.0,0.03460568
CXCL9,ENSG00000138755,20.262138,1.0,0.03460568
TTTY4B,ENSG00000235412,20.224009,1.0,0.03460568
,ENSG00000287365,20.217285,1.0,0.03460568
,ENSG00000233271,20.213846,1.0,0.03460568
,ENSG00000274090,20.208698,1.0,0.039549347
,ENSG00000286981,20.177061,1.0,0.03460568
,ENSG00000268309,20.172955,1.0,0.03460568
TCF15,ENSG00000125878,20.165672,1.0,0.03460568
RNF183,ENSG00000165188,20.154894,1.0,0.03460568
PANX3,ENSG00000154143,20.130526,1.0,0.03460568
,ENSG00000261202,20.121286,1.0,0.03460568
LINC01634,ENSG00000235295,20.114954,1.0,0.03460568
,ENSG00000265217,20.110622,1.0,0.03460568
,ENSG00000286621,20.09478,1.0,0.03460568
,ENSG00000254705,20.091675,1.0,0.029662011
COL18A1-AS1,ENSG00000183535,20.08433,1.0,0.029662011
LOC107986782,ENSG00000286487,20.081602,1.0,0.029662011
LOC112577592,ENSG00000286126,20.064663,1.0,0.03460568
,ENSG00000267255,20.046713,1.0,0.029662011
NXF2,ENSG00000269405,20.046455,1.0,0.029662011
,ENSG00000286692,20.04631,1.0,0.029662011
,ENSG00000273958,20.015917,1.0,0.029662011
,ENSG00000229379,20.002947,1.0,0.029662011
,ENSG00000266312,20.002296,1.0,0.029662011
CYP2A13,ENSG00000197838,19.994724,1.0,0.029662011
,ENSG00000263171,19.990929,1.0,0.029662011
TFAP2D,ENSG00000008197,19.95907,1.0,0.029662011
IL1R1-AS1,ENSG00000226925,19.955294,1.0,0.029662011
AVP,ENSG00000101200,19.94791,1.0,0.029662011
,ENSG00000237390,19.944727,1.0,0.029662011
FXYD4,ENSG00000150201,19.944403,1.0,0.029662011
,ENSG00000224943,19.866554,1.0,0.024718342
,ENSG00000278532,19.864483,1.0,0.024718342
GJA4,ENSG00000187513,19.838049,1.0,0.029662011
LOC124903925,ENSG00000283025,19.832539,1.0,0.024718342
LOC105376419,ENSG00000286514,19.828308,1.0,0.029662011
VHRT,ENSG00000185847,19.825657,1.0,0.024718342
,ENSG00000286942,19.819637,1.0,0.024718342
NHEG1,ENSG00000225391,19.819017,1.0,0.024718342
,ENSG00000282996,19.808697,1.0,0.024718342
GPR101,ENSG00000165370,19.784319,1.0,0.024718342
OR8B8,ENSG00000197125,19.777527,1.0,0.024718342
OR52N2,ENSG00000180988,19.762245,1.0,0.024718342
IGLC1,ENSG00000211675,19.753736,1.0,0.024718342
,ENSG00000223628,19.74827,1.0,0.024718342
LY6G6F,ENSG00000204424,19.748234,1.0,0.024718342
CCL23,ENSG00000274736,19.7479,1.0,0.024718342
ZNF479,ENSG00000185177,19.741846,1.0,0.024718342
PBX1-AS1,ENSG00000233693,19.730932,1.0,0.024718342
,ENSG00000258490,19.726131,1.0,0.024718342
LOC284191,ENSG00000230709,19.718662,1.0,0.024718342
,ENSG00000227148,19.709187,1.0,0.024718342
LINC02418,ENSG00000214039,19.706343,1.0,0.024718342
DEFB135,ENSG00000205883,19.694174,1.0,0.024718342
,ENSG00000260021,19.686222,1.0,0.024718342
KLK4,ENSG00000167749,19.666573,1.0,0.024718342
,ENSG00000267722,19.654587,1.0,0.024718342
APOB,ENSG00000084674,19.650091,1.0,0.024718342
,ENSG00000287301,19.640156,1.0,0.024718342
,ENSG00000256879,19.632471,1.0,0.024718342
,ENSG00000271742,19.569506,1.0,0.019774674
PCAT4,ENSG00000251321,19.55416,1.0,0.019774674
FOXS1,ENSG00000179772,19.551615,1.0,0.019774674
,ENSG00000265927,19.537334,1.0,0.019774674
,ENSG00000228968,19.533587,1.0,0.024718342
,ENSG00000267760,19.528957,1.0,0.019774674
,ENSG00000231440,19.515905,1.0,0.019774674
,ENSG00000226771,19.510595,1.0,0.019774674
,ENSG00000224691,19.505709,1.0,0.019774674
,ENSG00000230944,19.503332,1.0,0.019774674
LUM,ENSG00000139329,19.47978,1.0,0.019774674
LINC01883,ENSG00000235009,19.479057,1.0,0.019774674
,ENSG00000250105,19.473728,1.0,0.019774674
LUZP4,ENSG00000102021,19.45393,1.0,0.019774674
KRTAP6-1,ENSG00000184724,19.446993,1.0,0.019774674
,ENSG00000286740,19.440971,1.0,0.019774674
LINC02685,ENSG00000254654,19.440742,1.0,0.019774674
,ENSG00000229309,19.440233,1.0,0.019774674
LINC02059,ENSG00000250544,19.43274,1.0,0.019774674
,ENSG00000288077,19.42428,1.0,0.019774674
,ENSG00000249406,19.422558,1.0,0.019774674
,ENSG00000230229,19.416307,1.0,0.019774674
,ENSG00000286728,19.41258,1.0,0.019774674
FOCAD-AS1,ENSG00000227071,19.40082,1.0,0.019774674
,ENSG00000258478,19.398607,1.0,0.019774674
,ENSG00000227386,19.384617,1.0,0.019774674
ELN-AS1,ENSG00000232415,19.383484,1.0,0.019774674
LOC124904559,ENSG00000285177,19.376797,1.0,0.019774674
TRAV5,ENSG00000211779,19.372913,1.0,0.019774674
LOC124902392,ENSG00000285254,19.372412,1.0,0.019774674
CCL18,ENSG00000275385,19.370663,1.0,0.019774674
,ENSG00000259037,19.354876,1.0,0.019774674
,ENSG00000277482,19.35438,1.0,0.019774674
,ENSG00000287105,19.33892,1.0,0.019774674
,ENSG00000287457,19.338177,1.0,0.019774674
LINC00645,ENSG00000258548,19.322947,1.0,0.019774674
,ENSG00000223716,19.319397,1.0,0.019774674
LINC02380,ENSG00000248505,19.298244,1.0,0.019774674
,ENSG00000232947,19.29082,1.0,0.019774674
,ENSG00000286309,19.28328,1.0,0.019774674
,ENSG00000286902,19.2524,1.0,0.019774674
,ENSG00000273006,19.20638,1.0,0.014831006
LIF,ENSG00000128342,19.199358,1.0,0.014831006
OVOL1,ENSG00000172818,19.195383,1.0,0.014831006
,ENSG00000287107,19.185343,1.0,0.014831006
IGLV1-40,ENSG00000211653,19.180357,1.0,0.014831006
MAFA,ENSG00000182759,19.169672,1.0,0.014831006
LINC02961,ENSG00000279261,19.169535,1.0,0.014831006
,ENSG00000229625,19.163904,1.0,0.014831006
,ENSG00000286529,19.163103,1.0,0.014831006
TECTB,ENSG00000119913,19.147738,1.0,0.014831006
,ENSG00000250186,19.139128,1.0,0.014831006
,ENSG00000253616,19.134813,1.0,0.014831006
,ENSG00000263301,19.129211,1.0,0.014831006
SLC6A17-AS1,ENSG00000227091,19.128662,1.0,0.014831006
SHANK2-AS3,ENSG00000171671,19.121933,1.0,0.014831006
ZNF593OS,ENSG00000236782,19.121248,1.0,0.014831006
,ENSG00000250765,19.10942,1.0,0.019774674
,ENSG00000226594,19.107224,1.0,0.014831006
,ENSG00000285568,19.105574,1.0,0.014831006
MYO1D-DT,ENSG00000236377,19.09504,1.0,0.014831006
WFDC10A,ENSG00000180305,19.093517,1.0,0.014831006
TUB-AS1,ENSG00000248332,19.091679,1.0,0.014831006
LINC00583,ENSG00000205636,19.0878,1.0,0.014831006
SLIT2-IT1,ENSG00000248228,19.08703,1.0,0.014831006
,ENSG00000227479,19.086243,1.0,0.014831006
,ENSG00000283157,19.08596,1.0,0.014831006
,ENSG00000234712,19.083754,1.0,0.014831006
,ENSG00000288108,19.083702,1.0,0.014831006
HRAT17,ENSG00000234520,19.083578,1.0,0.014831006
IL24,ENSG00000162892,19.0796,1.0,0.014831006
LINC02358,ENSG00000251256,19.074669,1.0,0.014831006
SCGB3A2,ENSG00000164265,19.073318,1.0,0.014831006
PPP1R2B,ENSG00000231989,19.065435,1.0,0.014831006
,ENSG00000278239,19.063372,1.0,0.014831006
,ENSG00000257737,19.058475,1.0,0.014831006
FCRL4,ENSG00000163518,19.054255,1.0,0.014831006
LOC124903387,ENSG00000258460,19.052881,1.0,0.014831006
OR1J1,ENSG00000136834,19.051893,1.0,0.014831006
LINC01623,ENSG00000225595,19.048851,1.0,0.014831006
LOC105375747,ENSG00000253470,19.038847,1.0,0.014831006
MAGEA11,ENSG00000185247,19.037643,1.0,0.014831006
,ENSG00000287244,19.036863,1.0,0.014831006
,ENSG00000228160,19.027891,1.0,0.014831006
FOXI3,ENSG00000214336,19.026638,1.0,0.014831006
,ENSG00000243969,19.02159,1.0,0.014831006
,ENSG00000253172,19.016405,1.0,0.014831006
TRAV12-3,ENSG00000211794,19.010225,1.0,0.014831006
C10orf71,ENSG00000177354,19.005991,1.0,0.014831006
,ENSG00000223634,19.001772,1.0,0.014831006
,ENSG00000224413,19.001623,1.0,0.014831006
,ENSG00000229495,18.993708,1.0,0.014831006
ECEL1,ENSG00000171551,18.991552,1.0,0.014831006
,ENSG00000287692,18.989737,1.0,0.014831006
,ENSG00000243384,18.98676,1.0,0.014831006
,ENSG00000274630,18.98134,1.0,0.014831006
FEZF1-AS1,ENSG00000230316,18.978546,1.0,0.014831006
,ENSG00000275630,18.96704,1.0,0.014831006
ADGB-DT,ENSG00000237468,18.962114,1.0,0.014831006
,ENSG00000286567,18.95784,1.0,0.014831006
SERPINB12,ENSG00000166634,18.953022,1.0,0.014831006
AVPR1B,ENSG00000198049,18.946337,1.0,0.014831006
,ENSG00000259711,18.936068,1.0,0.014831006
,ENSG00000259003,18.932539,1.0,0.014831006
,ENSG00000277245,18.92741,1.0,0.014831006
,ENSG00000263424,18.911552,1.0,0.014831006
DAZ3,ENSG00000187191,18.876616,1.0,0.014831006
GSTA3,ENSG00000174156,18.864307,1.0,0.014831006
,ENSG00000234182,18.862984,1.0,0.014831006
,ENSG00000253343,18.851835,1.0,0.014831006
C1QTNF8,ENSG00000184471,18.824747,1.0,0.014831006
,ENSG00000259813,18.807434,1.0,0.014831006
OR8G5,ENSG00000255298,18.689135,1.0,0.009887337
,ENSG00000258481,18.686977,1.0,0.014831006
LOC128071543,ENSG00000243062,18.681416,1.0,0.009887337
,ENSG00000228488,18.666271,1.0,0.009887337
,ENSG00000260624,18.652159,1.0,0.009887337
LINC02052,ENSG00000224406,18.630865,1.0,0.009887337
TRAV4,ENSG00000211778,18.621439,1.0,0.009887337
,ENSG00000261538,18.621395,1.0,0.009887337
,ENSG00000261055,18.612495,1.0,0.009887337
,ENSG00000249293,18.612019,1.0,0.009887337
,ENSG00000287696,18.606096,1.0,0.009887337
,ENSG00000287247,18.601698,1.0,0.009887337
CTRB2,ENSG00000168928,18.592892,1.0,0.009887337
,ENSG00000271803,18.592163,1.0,0.009887337
,ENSG00000254630,18.591116,1.0,0.009887337
GJA3,ENSG00000121743,18.584463,1.0,0.009887337
,ENSG00000255227,18.573242,1.0,0.009887337
TCP11X2,ENSG00000215029,18.569138,1.0,0.009887337
,ENSG00000288089,18.567009,1.0,0.009887337
,ENSG00000286892,18.561829,1.0,0.009887337
,ENSG00000270522,18.560886,1.0,0.009887337
LINC00347,ENSG00000236678,18.55858,1.0,0.009887337
,ENSG00000233574,18.556889,1.0,0.009887337
CCL19,ENSG00000172724,18.553951,1.0,0.009887337
,ENSG00000251619,18.547182,1.0,0.009887337
KRTAP17-1,ENSG00000186860,18.544188,1.0,0.009887337
,ENSG00000259280,18.54366,1.0,0.009887337
,ENSG00000228799,18.534925,1.0,0.009887337
,ENSG00000286350,18.534895,1.0,0.009887337
,ENSG00000229569,18.526943,1.0,0.009887337
TRAV27,ENSG00000211809,18.524061,1.0,0.009887337
ADH7,ENSG00000196344,18.523445,1.0,0.009887337
,ENSG00000250597,18.521784,1.0,0.009887337
TRAV8-2,ENSG00000211786,18.51916,1.0,0.009887337
,ENSG00000287959,18.517794,1.0,0.009887337
,ENSG00000254545,18.513191,1.0,0.009887337
,ENSG00000257329,18.51075,1.0,0.009887337
SHISA3,ENSG00000178343,18.508095,1.0,0.009887337
LOC105379292,ENSG00000254753,18.507164,1.0,0.009887337
,ENSG00000225350,18.506578,1.0,0.009887337
,ENSG00000240562,18.505575,1.0,0.009887337
,ENSG00000243861,18.500605,1.0,0.009887337
LOC124901872,ENSG00000287747,18.498356,1.0,0.009887337
LINC02138,ENSG00000205015,18.494503,1.0,0.009887337
NEUROG2,ENSG00000178403,18.493343,1.0,0.009887337
,ENSG00000259149,18.490871,1.0,0.009887337
,ENSG00000250103,18.488537,1.0,0.009887337
,ENSG00000287535,18.486166,1.0,0.009887337
,ENSG00000274937,18.483038,1.0,0.009887337
,ENSG00000226363,18.48208,1.0,0.009887337
,ENSG00000246095,18.48024,1.0,0.009887337
,ENSG00000234168,18.479656,1.0,0.009887337
,ENSG00000287845,18.474579,1.0,0.009887337
,ENSG00000286991,18.474203,1.0,0.009887337
OR10K2,ENSG00000180708,18.473598,1.0,0.009887337
AMTN,ENSG00000187689,18.473413,1.0,0.009887337
TFF1,ENSG00000160182,18.472061,1.0,0.009887337
,ENSG00000238250,18.471794,1.0,0.009887337
,ENSG00000250577,18.466415,1.0,0.009887337
,ENSG00000287481,18.463024,1.0,0.009887337
,ENSG00000261435,18.46108,1.0,0.009887337
,ENSG00000235007,18.459017,1.0,0.009887337
,ENSG00000287909,18.454958,1.0,0.009887337
LOC105376975,ENSG00000286352,18.452436,1.0,0.009887337
,ENSG00000261763,18.452278,1.0,0.009887337
FSHB,ENSG00000131808,18.452251,1.0,0.009887337
,ENSG00000233258,18.452024,1.0,0.009887337
,ENSG00000256155,18.450886,1.0,0.009887337
TRAV19,ENSG00000211799,18.449049,1.0,0.009887337
PPP2R2B-IT1,ENSG00000249553,18.447826,1.0,0.009887337
,ENSG00000287473,18.447247,1.0,0.009887337
,ENSG00000259290,18.444,1.0,0.009887337
KRT73,ENSG00000186049,18.440018,1.0,0.009887337
LOC107984322,ENSG00000255375,18.433657,1.0,0.009887337
LINC02017,ENSG00000243572,18.430086,1.0,0.009887337
,ENSG00000274798,18.426407,1.0,0.009887337
TRDJ1,ENSG00000211825,18.425924,1.0,0.009887337
,ENSG00000250164,18.425669,1.0,0.009887337
,ENSG00000187979,18.417458,1.0,0.009887337
LOC101929510,ENSG00000287119,18.415041,1.0,0.009887337
PLA2G2A,ENSG00000188257,18.414858,1.0,0.009887337
,ENSG00000285858,18.41282,1.0,0.009887337
,ENSG00000285654,18.411964,1.0,0.009887337
,ENSG00000267774,18.40075,1.0,0.009887337
,ENSG00000287442,18.398655,1.0,0.009887337
LINC03135,ENSG00000228559,18.398502,1.0,0.009887337
,ENSG00000282143,18.397127,1.0,0.009887337
,ENSG00000287302,18.395664,1.0,0.009887337
F10-AS1,ENSG00000231882,18.394451,1.0,0.009887337
LOC124902473,ENSG00000286359,18.393671,1.0,0.009887337
,ENSG00000272249,18.391682,1.0,0.009887337
,ENSG00000278981,18.389675,1.0,0.009887337
MRPL23-AS1,ENSG00000226416,18.389177,1.0,0.009887337
,ENSG00000229400,18.384382,1.0,0.009887337
,ENSG00000257653,18.378292,1.0,0.009887337
,ENSG00000262950,18.375458,1.0,0.009887337
HTR2A-AS1,ENSG00000224517,18.375044,1.0,0.009887337
,ENSG00000206062,18.374233,1.0,0.009887337
,ENSG00000273180,18.366219,1.0,0.009887337
LOC105376429,ENSG00000236495,18.364138,1.0,0.009887337
,ENSG00000264215,18.363867,1.0,0.009887337
,ENSG00000288001,18.360794,1.0,0.009887337
PCK1,ENSG00000124253,18.340944,1.0,0.009887337
,ENSG00000228917,18.339293,1.0,0.009887337
CCDC88C-DT,ENSG00000258798,18.339182,1.0,0.009887337
,ENSG00000267215,18.323675,1.0,0.009887337
,ENSG00000260834,18.314287,1.0,0.009887337
TAAR2,ENSG00000146378,18.311972,1.0,0.009887337
LAD1,ENSG00000159166,18.311249,1.0,0.009887337
OR2T2,ENSG00000196240,18.310677,1.0,0.009887337
DGAT2-DT,ENSG00000247867,18.30665,1.0,0.009887337
OR8H1,ENSG00000181693,18.303658,1.0,0.009887337
CYP2A7,ENSG00000198077,18.300987,1.0,0.009887337
PAX4,ENSG00000106331,18.296148,1.0,0.009887337
,ENSG00000286468,18.29151,1.0,0.009887337
CCDC182,ENSG00000166329,18.290308,1.0,0.009887337
TBX22,ENSG00000122145,18.27838,1.0,0.009887337
UCN3,ENSG00000178473,18.274029,1.0,0.009887337
,ENSG00000266441,18.27321,1.0,0.009887337
,ENSG00000272554,18.262575,1.0,0.009887337
FGF3,ENSG00000186895,18.261591,1.0,0.009887337
,ENSG00000236889,18.261114,1.0,0.009887337
,ENSG00000273355,18.251806,1.0,0.009887337
SEMA5A-AS1,ENSG00000251370,18.250584,1.0,0.009887337
,ENSG00000236800,18.239626,1.0,0.009887337
DES,ENSG00000175084,18.223701,1.0,0.009887337
,ENSG00000254219,18.196703,1.0,0.009887337
,ENSG00000286170,18.17129,1.0,0.009887337
,ENSG00000286668,18.137697,1.0,0.009887337
,ENSG00000225337,17.947643,1.0,0.009887337
,ENSG00000248482,17.843067,1.0,0.0049436684
,ENSG00000285562,17.804007,1.0,0.0049436684
CD177,ENSG00000204936,17.800926,1.0,0.0049436684
,ENSG00000203364,17.795576,1.0,0.0049436684
RNF151,ENSG00000179580,17.787895,1.0,0.0049436684
LOC105373373,ENSG00000273877,17.78123,1.0,0.0049436684
,ENSG00000271715,17.772419,1.0,0.0049436684
UGT2B10,ENSG00000109181,17.761724,1.0,0.0049436684
LOC101927908,ENSG00000253469,17.758135,1.0,0.0049436684
OR4K13,ENSG00000176253,17.746595,1.0,0.0049436684
LINC02991,ENSG00000196758,17.738522,1.0,0.0049436684
FCAMR,ENSG00000162897,17.734877,1.0,0.0049436684
PABPC4L,ENSG00000254535,17.729383,1.0,0.0049436684
,ENSG00000237453,17.72118,1.0,0.0049436684
,ENSG00000286617,17.68939,1.0,0.0049436684
,ENSG00000276487,17.689371,1.0,0.0049436684
LINC02104,ENSG00000271334,17.67464,1.0,0.0049436684
CHRM3-AS1,ENSG00000234601,17.673052,1.0,0.0049436684
FABP12,ENSG00000197416,17.666672,1.0,0.0049436684
,ENSG00000253755,17.664541,1.0,0.0049436684
,ENSG00000269543,17.654657,1.0,0.0049436684
,ENSG00000260650,17.650524,1.0,0.0049436684
,ENSG00000269371,17.649809,1.0,0.0049436684
,ENSG00000287652,17.642479,1.0,0.0049436684
,ENSG00000232835,17.633028,1.0,0.0049436684
,ENSG00000255216,17.626085,1.0,0.0049436684
TPSAB1,ENSG00000172236,17.617601,1.0,0.0049436684
,ENSG00000236226,17.615555,1.0,0.0049436684
FAM138C,ENSG00000218839,17.615124,1.0,0.0049436684
,ENSG00000259731,17.614298,1.0,0.0049436684
LINC01615,ENSG00000223485,17.612347,1.0,0.0049436684
IFNL1,ENSG00000182393,17.609539,1.0,0.0049436684
ARID3C,ENSG00000205143,17.60819,1.0,0.0049436684
,ENSG00000250313,17.60666,1.0,0.0049436684
,ENSG00000286709,17.584894,1.0,0.0049436684
,ENSG00000236389,17.583008,1.0,0.0049436684
LINC02683,ENSG00000254438,17.56891,1.0,0.0049436684
,ENSG00000266968,17.5632,1.0,0.0049436684
HOXC-AS1,ENSG00000250451,17.558306,1.0,0.0049436684
DEFB136,ENSG00000205884,17.550869,1.0,0.0049436684
NR0B2,ENSG00000131910,17.548822,1.0,0.0049436684
,ENSG00000256721,17.546993,1.0,0.0049436684
LINC00682,ENSG00000245870,17.545877,1.0,0.0049436684
TRBJ1-1,ENSG00000282320,17.544413,1.0,0.0049436684
,ENSG00000225255,17.537363,1.0,0.0049436684
,ENSG00000258253,17.532976,1.0,0.0049436684
,ENSG00000268605,17.530174,1.0,0.0049436684
,ENSG00000286518,17.528284,1.0,0.0049436684
,ENSG00000273906,17.527374,1.0,0.0049436684
,ENSG00000225632,17.51928,1.0,0.0049436684
TRAJ16,ENSG00000211873,17.517353,1.0,0.0049436684
LOC112268234,ENSG00000287103,17.513853,1.0,0.0049436684
HOXB13,ENSG00000159184,17.512777,1.0,0.0049436684
LINC01741,ENSG00000236720,17.511696,1.0,0.0049436684
,ENSG00000236601,17.510225,1.0,0.0049436684
,ENSG00000262714,17.510126,1.0,0.0049436684
LINC02722,ENSG00000254508,17.508343,1.0,0.0049436684
,ENSG00000260416,17.506634,1.0,0.0049436684
,ENSG00000285361,17.503944,1.0,0.0049436684
,ENSG00000260568,17.501583,1.0,0.0049436684
,ENSG00000285715,17.498589,1.0,0.0049436684
,ENSG00000277223,17.498238,1.0,0.0049436684
IGLV7-46,ENSG00000211649,17.495895,1.0,0.0049436684
,ENSG00000258945,17.493834,1.0,0.0049436684
,ENSG00000261707,17.486095,1.0,0.0049436684
,ENSG00000248597,17.484863,1.0,0.0049436684
,ENSG00000286232,17.479301,1.0,0.0049436684
,ENSG00000237076,17.476128,1.0,0.0049436684
LOC107985213,ENSG00000236656,17.473648,1.0,0.0049436684
,ENSG00000250106,17.46602,1.0,0.0049436684
,ENSG00000285623,17.463495,1.0,0.0049436684
DEFB131A,ENSG00000186146,17.4502,1.0,0.0049436684
LOC101927712,ENSG00000287575,17.441666,1.0,0.0049436684
,ENSG00000280455,17.428244,1.0,0.0049436684
,ENSG00000283033,17.427076,1.0,0.0049436684
,ENSG00000286789,17.42682,1.0,0.0049436684
SIX1,ENSG00000126778,17.424124,1.0,0.0049436684
TRAJ51,ENSG00000248366,17.42095,1.0,0.0049436684
,ENSG00000268316,17.420502,1.0,0.0049436684
,ENSG00000251527,17.41425,1.0,0.0049436684
,ENSG00000285611,17.403677,1.0,0.0049436684
,ENSG00000257830,17.385788,1.0,0.0049436684
,ENSG00000226047,17.385757,1.0,0.0049436684
LOC124901437,ENSG00000226193,17.383621,1.0,0.0049436684
OR2J1,ENSG00000204702,17.377375,1.0,0.0049436684
,ENSG00000237271,17.377176,1.0,0.0049436684
SLC35G3,ENSG00000164729,17.365904,1.0,0.0049436684
CCDC201,ENSG00000283247,17.364082,1.0,0.0049436684
,ENSG00000273394,17.355236,1.0,0.0049436684
SERPINA12,ENSG00000165953,17.350462,1.0,0.0049436684
PYDC2,ENSG00000253548,17.350138,1.0,0.0049436684
PAX9,ENSG00000198807,17.347212,1.0,0.0049436684
PLCE1-AS1,ENSG00000268894,17.339058,1.0,0.0049436684
LINC02735,ENSG00000255433,17.316742,1.0,0.0049436684
,ENSG00000250529,17.315706,1.0,0.0049436684
NEUROD4,ENSG00000123307,17.31107,1.0,0.0049436684
LINC00838,ENSG00000261683,17.309353,1.0,0.0049436684
PCDHA2,ENSG00000204969,17.305346,1.0,0.0049436684
,ENSG00000237874,17.30272,1.0,0.0049436684
KCND3-AS1,ENSG00000237556,17.298801,1.0,0.0049436684
OR6K3,ENSG00000203757,17.291927,1.0,0.0049436684
,ENSG00000254201,17.284653,1.0,0.0049436684
LOC101929494,ENSG00000276170,17.266802,1.0,0.0049436684
PCGEM1,ENSG00000227418,17.264238,1.0,0.0049436684
LINC01774,ENSG00000236950,17.25866,1.0,0.0049436684
PRPH,ENSG00000135406,17.248983,1.0,0.0049436684
LOC124906002,ENSG00000253515,17.240658,1.0,0.0049436684
CALHM3,ENSG00000183128,17.237392,1.0,0.0049436684
,ENSG00000287661,17.221052,1.0,0.0049436684
,ENSG00000260620,17.214458,1.0,0.0049436684
NPY4R,ENSG00000204174,17.207518,1.0,0.0049436684
LOC101929178,ENSG00000273406,17.18165,1.0,0.0049436684
,ENSG00000234556,17.179111,1.0,0.0049436684
FRMD1,ENSG00000153303,17.154322,1.0,0.0049436684
,ENSG00000236556,17.150513,1.0,0.0049436684
SMIM21,ENSG00000206026,17.137758,1.0,0.0049436684
LINC02013,ENSG00000228730,17.10176,1.0,0.0049436684
LOC105371509,ENSG00000285593,17.096748,1.0,0.0049436684
DEFB125,ENSG00000178591,17.089682,1.0,0.0049436684
,ENSG00000253380,17.081526,1.0,0.0049436684
,ENSG00000230260,17.03066,1.0,0.0049436684
LOC105370781,ENSG00000259278,16.995403,1.0,0.0049436684
,ENSG00000227960,16.994926,1.0,0.0049436684
NKX6-1,ENSG00000163623,16.983923,1.0,0.0049436684
,ENSG00000269446,16.781446,1.0,0.0049436684
,ENSG00000249605,16.676449,1.0,0.0049436684
,ENSG00000251471,3.7257626,1.0,0.07398464
PPP1R17,ENSG00000106341,1.8184987,1.0,0.06900787
,ENSG00000240535,1.8170156,1.0,0.044310372
,ENSG00000230065,1.7404274,1.0,-0.00018877385
,ENSG00000266765,1.6871792,1.0,0.03936793
PLEKHN1,ENSG00000187583,1.6621304,1.0,0.039365478
LINC01794,ENSG00000233128,1.5805366,1.0,0.06899807
,ENSG00000241168,1.5388105,1.0,0.12313816
LOC105377267,ENSG00000250696,1.5295689,1.0,0.034418132
LINC02958,ENSG00000265752,1.5289679,1.0,0.034423035
,ENSG00000288006,1.5060564,1.0,0.05417564
LOC105379388,ENSG00000253354,1.49893,1.0,0.059115633
LOC105377043,ENSG00000231873,1.4326936,1.0,0.18700379
NAV2-AS3,ENSG00000254542,1.4182553,1.0,0.09843943
OTOS,ENSG00000178602,1.3594913,1.0,0.039350767
,ENSG00000241324,1.3500154,1.0,0.024535697
KISS1,ENSG00000170498,1.2393708,1.0,0.029470785
TRGV5,ENSG00000211697,1.2128446,1.0,0.039350767
,ENSG00000286050,1.1781427,1.0,0.23087287
,ENSG00000258854,1.1591676,1.0,0.019590802
,ENSG00000276663,1.1496694,1.0,0.02931143
EOMES,ENSG00000163508,1.1175299,1.0,0.16202557
,ENSG00000286754,1.1054952,1.0,0.0097010145
,ENSG00000251438,1.0740583,1.0,0.18163477
LOC105374588,ENSG00000226087,1.0695531,1.0,0.0195859
LINC02128,ENSG00000261241,1.0648082,1.0,0.03934096
PZP,ENSG00000126838,1.0561137,1.0,0.2797898
PRR27,ENSG00000187533,1.0536724,1.0,0.029460978
ZNF114-AS1,ENSG00000268186,1.0142993,1.0,0.0442834
,ENSG00000259937,1.0130178,1.0,0.0047561205
LOC105370586,ENSG00000258419,0.9807525,1.0,0.06878233
,ENSG00000255179,0.9155335,1.0,-0.010078562
,ENSG00000287970,0.9011341,1.0,0.04410321
,ENSG00000259786,0.90098375,1.0,0.3379591
,ENSG00000287459,0.896617,1.0,0.014641006
KRT18,ENSG00000111057,0.89526576,1.0,0.014645909
LINC02386,ENSG00000257756,0.8819438,1.0,0.024518536
IGHA1,ENSG00000211895,0.88144636,1.0,0.03422323
,ENSG00000260673,0.8777939,1.0,0.0097010145
CCL3-AS1,ENSG00000277089,0.84151787,1.0,0.13706453
LINC02433,ENSG00000234111,0.82807064,1.0,0.024516085
,ENSG00000268601,0.8271829,1.0,0.0097010145
G0S2,ENSG00000123689,0.8147217,1.0,0.13698852
HKDC1,ENSG00000156510,0.8114662,1.0,0.10269665
ADAM2,ENSG00000104755,0.7894222,1.0,0.03915709
IGLC3,ENSG00000211679,0.7891751,1.0,0.009696111
WNT9A,ENSG00000143816,0.76561254,1.0,0.063405946
,ENSG00000255572,0.744699,1.0,0.024516085
MT1G,ENSG00000125144,0.7385717,1.0,0.37681344
BSND,ENSG00000162399,0.7338768,1.0,0.0047561205
CBX2,ENSG00000173894,0.722101,1.0,0.024516085
NMUR1,ENSG00000171596,0.7066151,1.0,0.053652223
,ENSG00000253395,0.6939454,1.0,0.034208518
DSG2-AS1,ENSG00000264859,0.69272584,1.0,0.0144412
LINC01644,ENSG00000218357,0.69118774,1.0,0.04407379
,ENSG00000286661,0.67879176,1.0,0.009698563
SLC30A8,ENSG00000164756,0.67781824,1.0,0.19519462
CD248,ENSG00000174807,0.6771373,1.0,0.009698563
,ENSG00000276508,0.66063714,1.0,-0.005133668
LINC02131,ENSG00000261154,0.65445143,1.0,0.009698563
,ENSG00000257924,0.63584906,1.0,0.03897567
PDE11A-AS1,ENSG00000229941,0.63307744,1.0,0.014305135
TYRP1,ENSG00000107165,0.62933815,1.0,0.04883359
CXCL10,ENSG00000169245,0.62454593,1.0,0.04375508
,ENSG00000228577,0.624218,1.0,0.00969366
,ENSG00000271959,0.6212945,1.0,0.009698563
,ENSG00000233387,0.61333877,1.0,0.024330989
IGF2BP2-AS1,ENSG00000163915,0.60421133,1.0,0.00969366
LINC00469,ENSG00000177338,0.6024631,1.0,0.058277182
VPREB3,ENSG00000128218,0.5946914,1.0,0.03912767
,ENSG00000254066,0.592595,1.0,0.009696111
,ENSG00000226433,0.5755687,1.0,-0.015023457
GPR151,ENSG00000173250,0.575478,1.0,0.009696111
MIR194-2HG,ENSG00000229719,0.5754462,1.0,0.014633651
SCGB3A1,ENSG00000161055,0.5733999,1.0,0.009696111
ADAMDEC1,ENSG00000134028,0.56987464,1.0,0.034191355
LOC101927098,ENSG00000229771,0.56115675,1.0,-0.015023457
,ENSG00000234775,0.55227417,1.0,0.029085882
,ENSG00000286425,0.55013216,1.0,0.0047561205
ASPM,ENSG00000066279,0.54816264,1.0,0.19921647
,ENSG00000229291,0.546115,1.0,0.014631199
,ENSG00000253949,0.54461336,1.0,0.014633651
LOC124900637,ENSG00000250697,0.5356769,1.0,0.13102621
,ENSG00000273919,0.53251535,1.0,0.004751217
RIPOR3-AS1,ENSG00000234693,0.528577,1.0,0.019394673
CLIC3,ENSG00000169583,0.5191468,1.0,0.048492815
,ENSG00000229370,0.51061535,1.0,0.0484683
CXCR3,ENSG00000186810,0.5049919,1.0,0.02415815
LINC00383,ENSG00000235221,0.49700755,1.0,0.014633651
,ENSG00000288048,0.49689874,1.0,0.004753669
CTSW,ENSG00000172543,0.4938764,1.0,0.14065859
CDSN,ENSG00000204539,0.49334973,1.0,0.004751217
,ENSG00000250190,0.48485583,1.0,0.009688756
,ENSG00000286876,0.48470953,1.0,0.029071173
,ENSG00000254239,0.48128763,1.0,0.004751217
LINC00692,ENSG00000230891,0.47647116,1.0,0.00969366
MUC22,ENSG00000261272,0.4743023,1.0,0.13081293
F2R,ENSG00000181104,0.47065547,1.0,0.21817109
,ENSG00000230690,0.46563086,1.0,-0.00018877385
LOC124902897,ENSG00000255745,0.46367607,1.0,0.024153246
LOC102723851,ENSG00000276241,0.4631483,1.0,0.14027981
,ENSG00000259867,0.45819318,1.0,0.32057476
,ENSG00000225427,0.44977564,1.0,0.019384868
,ENSG00000223829,0.44930068,1.0,0.014290426
CYP4A22,ENSG00000162365,0.4463865,1.0,0.004753669
SBK3,ENSG00000231274,0.43142438,1.0,-0.00018877385
,ENSG00000271938,0.4227401,1.0,-0.00018877385
THBS1,ENSG00000137801,0.418631,1.0,0.22220643
HS3ST3A1,ENSG00000153976,0.41717616,1.0,0.13966936
,ENSG00000255045,0.41283232,1.0,0.009691208
JCHAIN,ENSG00000132465,0.41172174,1.0,0.0043932823
GATA3,ENSG00000107485,0.41097873,1.0,0.08697326
,ENSG00000285960,0.41077033,1.0,0.048279524
LRRC26,ENSG00000184709,0.4056442,1.0,0.004571024
FGFBP2,ENSG00000137441,0.40531695,1.0,0.03859322
,ENSG00000287380,0.40248248,1.0,0.004751217
,ENSG00000267695,0.39912704,1.0,0.009688756
,ENSG00000250863,0.39407662,1.0,0.014263458
KC6,ENSG00000267313,0.3904087,1.0,0.13983117
DTHD1,ENSG00000197057,0.39030626,1.0,0.13477471
,ENSG00000229925,0.3861723,1.0,0.033519614
LINC01781,ENSG00000234184,0.37664098,1.0,0.024138536
IGLC2,ENSG00000211677,0.3763772,1.0,-0.00018877385
OR7A5,ENSG00000188269,0.37029472,1.0,0.019568738
,ENSG00000250421,0.36989105,1.0,0.12078707
,ENSG00000228275,0.3693975,1.0,0.004751217
PRKAG3,ENSG00000115592,0.36236945,1.0,0.0146287475
,ENSG00000285079,0.3510169,1.0,0.024306472
CCL8,ENSG00000108700,0.34751603,1.0,0.04839475
,ENSG00000275417,0.3474565,1.0,0.014626296
H2BC13,ENSG00000185130,0.34343928,1.0,0.11558598
LINC02476,ENSG00000225546,0.34121162,1.0,0.1441227
LEF1,ENSG00000138795,0.33811423,1.0,0.07203071
TSPO2,ENSG00000112212,0.33772036,1.0,0.014626296
SIRPG,ENSG00000089012,0.3347541,1.0,0.043167923
TNF,ENSG00000232810,0.33097062,1.0,0.33630675
GZMB,ENSG00000100453,0.3277015,1.0,0.066749945
GZMH,ENSG00000100450,0.32730526,1.0,0.061952144
,ENSG00000286093,0.3244912,1.0,0.004751217
PDGFD,ENSG00000170962,0.3237953,1.0,0.44123557
,ENSG00000260971,0.31669408,1.0,0.24990225
ANP32D,ENSG00000139223,0.31564713,1.0,0.0047487654
SH2D1B,ENSG00000198574,0.3071979,1.0,0.11955881
LINC02823,ENSG00000258100,0.30560008,1.0,0.033514712
ATP12A,ENSG00000075673,0.30211645,1.0,0.023943633
,ENSG00000270792,0.30097085,1.0,0.24932612
TRGV10,ENSG00000211694,0.29955536,1.0,0.014261006
ST8SIA6,ENSG00000148488,0.29759592,1.0,0.17212008
KRT7,ENSG00000135480,0.29577622,1.0,-0.00018877385
,ENSG00000251598,0.29308563,1.0,0.13843866
ZNF385D-AS2,ENSG00000223351,0.29147905,1.0,0.023605311
MIR4300HG,ENSG00000245832,0.29082385,1.0,0.6643552
AQP9,ENSG00000103569,0.2744005,1.0,0.2830578
,ENSG00000287246,0.2673259,1.0,0.0045612175
LOC124901051,ENSG00000249797,0.26556602,1.0,0.22905868
TRGV9,ENSG00000211695,0.26529795,1.0,0.009499983
,ENSG00000250357,0.24944982,1.0,0.004746314
LINC01478,ENSG00000267337,0.24594736,1.0,0.1233772
,ENSG00000253854,0.24404679,1.0,0.009142048
DUSP2,ENSG00000158050,0.24340092,1.0,0.11832566
AREG,ENSG00000109321,0.2433848,1.0,0.051969197
,ENSG00000272512,0.24298936,1.0,0.0045612175
LINC00355,ENSG00000227674,0.24144119,1.0,0.26008132
TYR,ENSG00000077498,0.24020569,1.0,0.014248748
,ENSG00000256494,0.23799069,1.0,-0.00019122545
CST7,ENSG00000077984,0.23776045,1.0,0.21355349
H2BC7,ENSG00000277224,0.23229884,1.0,0.9572428
LINC01393,ENSG00000225535,0.22935307,1.0,0.02390686
,ENSG00000286134,0.2238504,1.0,0.26615152
,ENSG00000245662,0.22339197,1.0,0.26524442
MCEMP1,ENSG00000183019,0.22233102,1.0,0.013744943
,ENSG00000248242,0.2215778,1.0,0.07002897
CCL3L1,ENSG00000276085,0.21740957,1.0,0.06525201
,ENSG00000242908,0.21514693,1.0,0.09375686
PRKCQ-AS1,ENSG00000237943,0.20978035,1.0,0.1361464
LOC613266,ENSG00000286546,0.20884143,1.0,0.26233926
IL1RN,ENSG00000136689,0.20801479,1.0,0.03254265
CCDC33-AS1,ENSG00000277749,0.20581277,1.0,-0.00019122545
,ENSG00000280683,0.20344327,1.0,0.061057307
,ENSG00000250659,0.19617821,1.0,0.009683853
TGFBR3,ENSG00000069702,0.19571687,1.0,0.4381196
LINC00540,ENSG00000276476,0.19544506,1.0,0.089937255
TRAC,ENSG00000277734,0.19437778,1.0,0.094266795
CYP19A1,ENSG00000137869,0.19415116,1.0,0.3261718
LRIG3-DT,ENSG00000257443,0.18147953,1.0,0.023344215
MT1H,ENSG00000205358,0.17939344,1.0,0.013863846
KLRF1,ENSG00000150045,0.17868744,1.0,0.086991645
LINC01591,ENSG00000254083,0.17826527,1.0,0.11669901
MZB1,ENSG00000170476,0.17771411,1.0,0.014224232
,ENSG00000259395,0.17742938,1.0,-0.00019122545
LINC02240,ENSG00000260192,0.17737924,1.0,0.24156679
ADM,ENSG00000148926,0.17371944,1.0,0.078373015
P2RY10,ENSG00000078589,0.17198052,1.0,0.03755619
SNTB1,ENSG00000172164,0.17194657,1.0,0.35863844
PPARG,ENSG00000132170,0.16841887,1.0,2.0746884
,ENSG00000284418,0.16755104,1.0,0.32439438
NAALADL2,ENSG00000177694,0.16750252,1.0,2.74726
SIT1,ENSG00000137078,0.16548115,1.0,0.013695911
NR4A1,ENSG00000123358,0.16387364,1.0,0.2670071
,ENSG00000287421,0.16386452,1.0,0.065163754
LINC02642,ENSG00000232591,0.16320226,1.0,1.2632856
RNASE1,ENSG00000129538,0.16154857,1.0,0.59340936
CALCB,ENSG00000175868,0.15864919,1.0,0.39010975
ATP10A,ENSG00000206190,0.15747568,1.0,0.20342956
IL7R,ENSG00000168685,0.14932726,1.0,0.05916344
POU2AF1,ENSG00000110777,0.1489329,1.0,0.013323266
FAM30A,ENSG00000226777,0.14679764,1.0,0.0047487654
MOB3B,ENSG00000120162,0.14649458,1.0,1.6733822
,ENSG00000251301,0.14558272,1.0,0.09267815
,ENSG00000231170,0.14380167,1.0,0.6782497
,ENSG00000232895,0.14353698,1.0,0.13813342
LOC157273,ENSG00000248538,0.14270864,1.0,0.24985567
NUPR1,ENSG00000176046,0.14119463,1.0,0.5413458
XYLT1,ENSG00000103489,0.14014167,1.0,1.7898433
H2BC4,ENSG00000180596,0.13990913,1.0,0.7858043
,ENSG00000247134,0.13975495,1.0,0.6269131
SAMD4A,ENSG00000020577,0.13935663,1.0,2.317547
TEX41,ENSG00000226674,0.13703015,1.0,0.463126
LINC01446,ENSG00000205628,0.1365122,1.0,0.034928065
HISLA,ENSG00000258867,0.13599129,1.0,0.83135265
TNFSF18,ENSG00000120337,0.13582899,1.0,0.032400455
LOC105377862,ENSG00000271945,0.133604,1.0,0.41711912
H2BC9,ENSG00000275713,0.13186064,1.0,0.3918798
,ENSG00000230131,0.13068736,1.0,0.34444976
HS3ST2,ENSG00000122254,0.12964907,1.0,0.3783641
LINC02057,ENSG00000249279,0.1294376,1.0,1.0927432
SRGAP1,ENSG00000196935,0.12742929,1.0,2.1753097
HBA2,ENSG00000188536,0.1268544,1.0,0.03694819
OR2A14,ENSG00000221938,0.126602,1.0,0.004746314
SLC25A21,ENSG00000183032,0.12568207,1.0,0.23266867
,ENSG00000285534,0.12383456,1.0,2.1852803
EGR1,ENSG00000120738,0.12348233,1.0,0.18112484
MEI4,ENSG00000269964,0.12294471,1.0,0.3286663
,ENSG00000241754,0.121869884,1.0,-0.005133668
PCNX4-DT,ENSG00000258553,0.12127771,1.0,0.11724327
HSPH1,ENSG00000120694,0.12061002,1.0,1.8052652
DMRTC2,ENSG00000142025,0.11715325,1.0,0.0047414107
ARHGAP6,ENSG00000047648,0.11649641,1.0,1.8547251
COL25A1,ENSG00000188517,0.11544378,1.0,0.5907543
KIF26B,ENSG00000162849,0.11488719,1.0,1.430109
LINC02015,ENSG00000231574,0.114451475,1.0,0.06717652
ADAMTS19,ENSG00000145808,0.11432074,1.0,0.66177005
H1-3,ENSG00000124575,0.1139873,1.0,0.400507
,ENSG00000258312,0.112932235,1.0,0.25867411
LINC01884,ENSG00000233587,0.11221893,1.0,0.004746314
IL18R1,ENSG00000115604,0.111242905,1.0,0.20353375
SLC16A10,ENSG00000112394,0.11013428,1.0,0.31173426
,ENSG00000211829,0.10970188,1.0,0.009127338
LOC105376387,ENSG00000287277,0.108931385,1.0,0.23583737
HRH1,ENSG00000196639,0.106903,1.0,0.49086103
LINC01500,ENSG00000258583,0.106300265,1.0,0.49273652
MITF,ENSG00000187098,0.10624598,1.0,1.7422429
,ENSG00000286122,0.10587449,1.0,0.52902275
ALDH1A2,ENSG00000128918,0.105771825,1.0,0.55209
UBC,ENSG00000150991,0.10532511,1.0,1.559044
PYHIN1,ENSG00000163564,0.10530476,1.0,0.018936224
ZEB1,ENSG00000148516,0.10422322,1.0,1.6476598
MAGI1,ENSG00000151276,0.10368916,1.0,1.7323617
,ENSG00000233535,0.10238189,1.0,0.004553863
,ENSG00000273118,0.102208525,1.0,0.93314344
CAMK4,ENSG00000152495,0.1020447,1.0,0.72828585
EREG,ENSG00000124882,0.10147026,1.0,0.027791433
,ENSG00000285835,0.10061979,1.0,0.06724884
LUCAT1,ENSG00000248323,0.10039963,1.0,0.14304155
ADGRE5,ENSG00000123146,0.099053204,1.0,0.24562664
PTH2R,ENSG00000144407,0.098667294,1.0,0.4950533
,ENSG00000230258,0.09826358,1.0,0.15048218
FAM20A,ENSG00000108950,0.098203674,1.0,0.8213256
LOC105369908,ENSG00000257746,0.09789698,1.0,0.0142168775
,ENSG00000287950,0.097667545,1.0,0.35751072
CATSPERB,ENSG00000133962,0.09764887,1.0,0.06603652
,ENSG00000223725,0.09688777,1.0,0.4085299
TOX,ENSG00000198846,0.09446076,1.0,0.776813
,ENSG00000249109,0.093730524,1.0,0.0038085736
KBTBD12,ENSG00000187715,0.093020804,1.0,1.4553189
HDAC9,ENSG00000048052,0.09276665,1.0,1.6339983
LINC02542,ENSG00000226453,0.09174206,1.0,0.46061677
CENPF,ENSG00000117724,0.09155797,1.0,0.07229548
SOCS6,ENSG00000170677,0.09118386,1.0,1.6525337
,ENSG00000286481,0.091057576,1.0,0.31310472
MPPED2,ENSG00000066382,0.09094845,1.0,0.2732624
,ENSG00000286811,0.09076355,1.0,0.95186883
LINC02008,ENSG00000239440,0.0906866,1.0,0.24243465
HIVEP2,ENSG00000010818,0.089858525,1.0,1.0871928
CERNA2,ENSG00000285972,0.089348964,1.0,0.49365097
S100A6,ENSG00000197956,0.088096224,1.0,0.2470829
MT-ND1,ENSG00000198888,0.08775538,1.0,1.5549511
SEL1L3,ENSG00000091490,0.08747278,1.0,0.22769068
KHDRBS3,ENSG00000131773,0.0855532,1.0,1.5896229
BTBD9,ENSG00000183826,0.08514504,1.0,1.5616169
CREB5,ENSG00000146592,0.08464145,1.0,0.40919918
ZEB1-AS1,ENSG00000237036,0.084610604,1.0,0.33102843
,ENSG00000237410,0.08422941,1.0,0.008529145
L3MBTL4,ENSG00000154655,0.08400413,1.0,0.92840695
PPP1R3C,ENSG00000119938,0.0836613,1.0,0.031799812
,ENSG00000249307,0.08360784,1.0,0.26031914
SYNDIG1,ENSG00000101463,0.083489664,1.0,2.2692456
CPED1,ENSG00000106034,0.083238274,1.0,2.2242634
TEX14,ENSG00000121101,0.08307323,1.0,0.29877016
GRID2,ENSG00000152208,0.082873404,1.0,1.5808105
RPL37A,ENSG00000197756,0.08152101,1.0,1.2526273
TPK1,ENSG00000196511,0.08126566,1.0,1.5734252
CC2D2B,ENSG00000188649,0.08124191,1.0,0.8144979
,ENSG00000224063,0.080589466,1.0,0.28193128
NAV2,ENSG00000166833,0.07979402,1.0,1.2799847
HCG23,ENSG00000225914,0.07969933,1.0,0.34548187
CD96,ENSG00000153283,0.07948783,1.0,0.12978815
ST7-AS1,ENSG00000227199,0.07895382,1.0,0.013641975
CD247,ENSG00000198821,0.07877292,1.0,0.21071698
PRKAB1-AS1,ENSG00000248636,0.078729615,1.0,0.36286747
CADM1,ENSG00000182985,0.078725845,1.0,1.019744
FYN,ENSG00000010810,0.077712126,1.0,0.5537558
RASSF8,ENSG00000123094,0.077484034,1.0,1.7655135
LINC00298,ENSG00000236790,0.07687833,1.0,0.2757655
MCTP2,ENSG00000140563,0.07655344,1.0,0.18208341
KCNIP1,ENSG00000182132,0.07609165,1.0,1.5402328
,ENSG00000226149,0.07547024,1.0,0.5211997
STK39,ENSG00000198648,0.07509503,1.0,0.3702419
FOS,ENSG00000170345,0.074612014,1.0,0.6128433
H1-2,ENSG00000187837,0.07442535,1.0,0.25876972
HS3ST4,ENSG00000182601,0.074130595,1.0,2.2015443
NHSL1,ENSG00000135540,0.07388305,1.0,1.170507
,ENSG00000260823,0.07284174,1.0,-0.00019367707
BNC2,ENSG00000173068,0.07268576,1.0,2.366648
PRDM11,ENSG00000019485,0.07207796,1.0,0.81956536
,ENSG00000286044,0.07138617,1.0,0.5899428
MUSK,ENSG00000030304,0.070870034,1.0,0.11221992
,ENSG00000254186,0.06920555,1.0,0.29706386
GPNMB,ENSG00000136235,0.069082476,1.0,0.498032
SYTL3,ENSG00000164674,0.06887523,1.0,1.106455
GPR171,ENSG00000174946,0.068629906,1.0,0.035822902
,ENSG00000223727,0.068086065,1.0,0.52991515
RPS6KA2,ENSG00000071242,0.06798989,1.0,1.1144313
,ENSG00000234156,0.06740395,1.0,0.18709695
DSCAM,ENSG00000171587,0.067331865,1.0,0.9884272
NEK10,ENSG00000163491,0.067168996,1.0,0.8226004
LINC02899,ENSG00000248874,0.066968344,1.0,0.18782753
,ENSG00000228043,0.06667882,1.0,0.6258711
ENTPD3-AS1,ENSG00000280739,0.066624716,1.0,0.7145127
RTTN,ENSG00000176225,0.06608172,1.0,1.3047705
,ENSG00000232855,0.06601658,1.0,0.23135829
EFCAB11,ENSG00000140025,0.06600834,1.0,0.43254095
SUCLG2-DT,ENSG00000241316,0.0656593,1.0,0.44451582
GLDN,ENSG00000186417,0.065652564,1.0,1.3702383
MCOLN2,ENSG00000153898,0.06564875,1.0,0.08334488
FLNA,ENSG00000196924,0.065454446,1.0,0.12799603
FOXO3,ENSG00000118689,0.06536039,1.0,1.1649283
STPG2,ENSG00000163116,0.06491007,1.0,0.60376006
FGF13,ENSG00000129682,0.063771136,1.0,0.3386897
TBX21,ENSG00000073861,0.06371076,1.0,-0.0029787042
MTSS1,ENSG00000170873,0.063009925,1.0,1.3476713
LINC02955,ENSG00000256995,0.062314786,1.0,0.2928912
,ENSG00000284959,0.061629787,1.0,1.0248446
PLCXD3,ENSG00000182836,0.06142586,1.0,0.37736627
PLCL1,ENSG00000115896,0.061317325,1.0,1.1650362
LOC105372984,ENSG00000287684,0.06098968,1.0,1.0688535
SELENOP,ENSG00000250722,0.06033025,1.0,0.35762593
FRMD3,ENSG00000172159,0.059859715,1.0,0.54370546
,ENSG00000253582,0.059181966,1.0,0.73204046
MAGI3,ENSG00000081026,0.05796555,1.0,0.8213587
ABCB1,ENSG00000085563,0.05785338,1.0,0.02842885
LINC00548,ENSG00000215483,0.05783451,1.0,0.070372194
FCRL2,ENSG00000132704,0.05752915,1.0,-0.0063827625
ZMAT3,ENSG00000172667,0.057209577,1.0,1.1661836
CSGALNACT1,ENSG00000147408,0.057006523,1.0,0.64765364
LINC00861,ENSG00000245164,0.05638936,1.0,0.14428206
,ENSG00000224968,0.056264646,1.0,0.068657294
P2RY12,ENSG00000169313,0.056053042,1.0,1.0655793
HIVEP3,ENSG00000127124,0.056050785,1.0,1.4289911
ZNF804A,ENSG00000170396,0.05568032,1.0,0.7131937
PRR16,ENSG00000184838,0.0555824,1.0,0.4063688
,ENSG00000287150,0.05539577,1.0,0.22219294
SAMD12,ENSG00000177570,0.054711122,1.0,1.2670623
IFI44L,ENSG00000137959,0.054493327,1.0,0.65134454
AVEN,ENSG00000169857,0.053804476,1.0,0.4097079
RPS11,ENSG00000142534,0.053615548,1.0,0.6370995
IL1B,ENSG00000125538,0.052972004,1.0,0.17138214
NCK2,ENSG00000071051,0.052243754,1.0,1.6885319
THEMIS,ENSG00000172673,0.051571403,1.0,0.09933672
LGR6,ENSG00000133067,0.05127969,1.0,0.006491859
HSPA1B,ENSG00000204388,0.0508136,1.0,0.59487545
LOC100128993,ENSG00000253557,0.05079749,1.0,0.15192372
ZRANB2-DT,ENSG00000229956,0.05076016,1.0,0.1749909
ALCAM,ENSG00000170017,0.050560266,1.0,0.7640805
ZHX2,ENSG00000178764,0.050362147,1.0,0.6203464
CX3CR1,ENSG00000168329,0.05027353,1.0,0.66198087
LOC102724858,ENSG00000287352,0.050230738,1.0,0.0077715986
,ENSG00000272141,0.049476177,1.0,-0.00019612868
GLIS3,ENSG00000107249,0.049201164,1.0,0.5521684
UST,ENSG00000111962,0.04836911,1.0,0.69739187
ETS1,ENSG00000134954,0.047260135,1.0,0.24959213
STARD13,ENSG00000133121,0.04712517,1.0,1.0308841
SLAMF7,ENSG00000026751,0.047101196,1.0,0.010474497
,ENSG00000235749,0.04701942,1.0,0.08492126
MID1,ENSG00000101871,0.046768405,1.0,0.11316379
HCCS-DT,ENSG00000234129,0.04660807,1.0,0.1387978
CCL2,ENSG00000108691,0.04636086,1.0,0.011444109
ACSL1,ENSG00000151726,0.04633003,1.0,0.86170113
STEAP1B,ENSG00000105889,0.04624543,1.0,0.6687399
TGFBR1,ENSG00000106799,0.045922395,1.0,0.9478678
TMLHE-AS1,ENSG00000224533,0.045911748,1.0,0.48244712
ANGPT2,ENSG00000091879,0.045901295,1.0,0.2904359
ASMER1,ENSG00000281903,0.04546591,1.0,0.29695842
CDKN1A,ENSG00000124762,0.04517311,1.0,0.32404625
,ENSG00000257239,0.045058377,1.0,0.42473134
PMP22,ENSG00000109099,0.044617783,1.0,0.13784903
,ENSG00000286253,0.044448994,1.0,-0.0003799993
CHSY3,ENSG00000198108,0.04429969,1.0,0.65159464
PITPNC1,ENSG00000154217,0.043895792,1.0,0.7233422
FHIT,ENSG00000189283,0.043650184,1.0,1.794163
,ENSG00000287733,0.04357633,1.0,0.12116217
CCDC88C,ENSG00000015133,0.042727847,1.0,0.096112855
,ENSG00000287069,0.042588975,1.0,0.068875484
KCNK13,ENSG00000152315,0.04251557,1.0,1.3723443
RBMS3,ENSG00000144642,0.042222552,1.0,0.51645094
IKZF2,ENSG00000030419,0.041597955,1.0,0.5847062
SERPINE1,ENSG00000106366,0.041411974,1.0,0.21378271
PRKN,ENSG00000185345,0.041215982,1.0,0.49133664
TPRG1,ENSG00000188001,0.040816437,1.0,0.43792346
SAMSN1,ENSG00000155307,0.04063435,1.0,1.5987307
,ENSG00000250437,0.03962178,1.0,0.003199349
CXCR4,ENSG00000121966,0.0388509,1.0,0.15255134
SSBP2,ENSG00000145687,0.038056206,1.0,0.8796837
IGF1R,ENSG00000140443,0.037915945,1.0,0.6003695
FAM149A,ENSG00000109794,0.037796155,1.0,1.1352589
MEF2C-AS1,ENSG00000248309,0.037410855,1.0,0.92401123
IPCEF1,ENSG00000074706,0.03740576,1.0,-0.23238796
LINC02798,ENSG00000227082,0.036667038,1.0,0.7858435
SNTG2-AS1,ENSG00000235688,0.036469642,1.0,0.0047438624
EPS8,ENSG00000151491,0.035344224,1.0,1.048217
,ENSG00000273113,0.03475774,1.0,-0.00038735414
MT-ND3,ENSG00000198840,0.034594085,1.0,0.7752133
WWOX,ENSG00000186153,0.034311064,1.0,1.256974
DIRC3,ENSG00000231672,0.034143936,1.0,0.34803155
DNAJB1,ENSG00000132002,0.033983205,1.0,0.22613882
NXN,ENSG00000167693,0.03391736,1.0,0.50943196
CPA6,ENSG00000165078,0.033886127,1.0,0.30422255
LOC124902232,ENSG00000287955,0.033829365,1.0,-0.00038735414
SUGCT,ENSG00000175600,0.033628836,1.0,0.24831116
FAR2,ENSG00000064763,0.03362464,1.0,0.5226339
PCYT1B-AS1,ENSG00000236836,0.03342303,1.0,0.0043540564
RPS6,ENSG00000137154,0.0334148,1.0,0.38375762
NEXMIF,ENSG00000050030,0.03245051,1.0,0.17351013
RPL26,ENSG00000161970,0.032318857,1.0,0.40480712
LINC00578,ENSG00000228221,0.032095395,1.0,0.35516205
,ENSG00000229066,0.03201933,1.0,0.017725129
CCL4L2,ENSG00000276070,0.030201662,1.0,0.0031846394
,ENSG00000178457,0.030128295,1.0,-0.005133668
,ENSG00000259692,0.02988356,1.0,0.074239604
TBC1D14,ENSG00000132405,0.029806038,1.0,0.3453544
NR3C2,ENSG00000151623,0.029643726,1.0,0.39435104
PLTP,ENSG00000100979,0.029637503,1.0,0.19717796
LPAR1,ENSG00000198121,0.02960383,1.0,0.41706517
LINC02391,ENSG00000277851,0.029589746,1.0,0.35044518
ZFP36,ENSG00000128016,0.028463498,1.0,0.29291818
PTPRG,ENSG00000144724,0.028393691,1.0,0.53409517
S100A8,ENSG00000143546,0.027291631,1.0,0.023616344
RAP2C-AS1,ENSG00000232160,0.026952151,1.0,0.15864849
GLUL,ENSG00000135821,0.026626632,1.0,0.34915316
ANTXR2,ENSG00000163297,0.026375895,1.0,0.07287161
HIF1A-AS3,ENSG00000258667,0.02589969,1.0,0.35556167
PRKCH,ENSG00000027075,0.025811005,1.0,0.5929681
ZBTB16,ENSG00000109906,0.025565168,1.0,0.45190132
,ENSG00000253184,0.025412535,1.0,0.0642493
S100A9,ENSG00000163220,0.02521036,1.0,0.054602224
,ENSG00000284999,0.024690801,1.0,-0.015217134
TTC28,ENSG00000100154,0.02460033,1.0,0.34695408
RAB11A,ENSG00000103769,0.024463695,1.0,0.42043367
KLRB1,ENSG00000111796,0.024013035,1.0,-0.009753725
PADI2,ENSG00000117115,0.023954822,1.0,0.49322438
LRRK2,ENSG00000188906,0.023945434,1.0,0.05314842
KCNMA1,ENSG00000156113,0.023881234,1.0,1.2729781
,ENSG00000259124,0.02365236,1.0,0.22317973
,ENSG00000274441,0.02357665,1.0,0.25649217
CACNA1A,ENSG00000141837,0.023245743,1.0,0.7295349
NLGN4Y,ENSG00000165246,0.0231133,1.0,0.21613134
CFAP418-AS1,ENSG00000253773,0.022924628,1.0,0.19334856
TBL1X,ENSG00000101849,0.022647494,1.0,0.19998384
BCL11B,ENSG00000127152,0.022383964,1.0,0.16747917
ATP5F1E,ENSG00000124172,0.022148857,1.0,0.26450405
MAFB,ENSG00000204103,0.021823237,1.0,0.25513643
MB21D2,ENSG00000180611,0.021702206,1.0,0.1992361
CLDN34,ENSG00000234469,0.021584593,1.0,-0.00019612868
RASGEF1C,ENSG00000146090,0.02154736,1.0,0.72586733
KCNQ1OT1,ENSG00000269821,0.02102148,1.0,0.19580506
PVT1,ENSG00000249859,0.020478671,1.0,0.21970825
,ENSG00000285679,0.020351289,1.0,0.18765469
TNFRSF11B,ENSG00000164761,0.019996678,1.0,0.023890924
,ENSG00000258234,0.019886984,1.0,0.15348907
RFC3,ENSG00000133119,0.019772876,1.0,0.083300754
LEKR1,ENSG00000197980,0.019696388,1.0,0.032330588
,ENSG00000237877,0.019479796,1.0,0.40926415
STS,ENSG00000101846,0.019105745,1.0,0.1770331
CPM,ENSG00000135678,0.018944822,1.0,0.27460465
DPP4,ENSG00000197635,0.018803062,1.0,0.017403968
,ENSG00000287835,0.018645292,1.0,0.014414231
PHACTR2,ENSG00000112419,0.018597199,1.0,0.46974534
ELL2,ENSG00000118985,0.018447252,1.0,0.374808
MEIKIN,ENSG00000239642,0.018326169,1.0,-0.019549126
LOC101928937,ENSG00000258039,0.018195543,1.0,-0.006061602
UBASH3B,ENSG00000154127,0.018142436,1.0,0.87675893
ADAMTS17,ENSG00000140470,0.018120967,1.0,0.19965409
LOC105376944,ENSG00000189229,0.01771584,1.0,0.06570311
H2AC6,ENSG00000180573,0.017713105,1.0,0.39793772
ADGRD1,ENSG00000111452,0.017260559,1.0,0.14995386
DISP1,ENSG00000154309,0.016926266,1.0,0.77395564
SSPN,ENSG00000123096,0.016423555,1.0,0.15830772
TLN2,ENSG00000171914,0.016351225,1.0,0.31784245
PTGS2,ENSG00000073756,0.01625724,1.0,0.017861193
MERTK,ENSG00000153208,0.016251747,1.0,-0.23232667
SLC11A1,ENSG00000018280,0.015903004,1.0,0.4051626
ABCA1,ENSG00000165029,0.015131166,1.0,0.25742993
SMIM35,ENSG00000255274,0.014934754,1.0,0.13498066
PTCHD4,ENSG00000244694,0.01479674,1.0,0.19716325
ABTB3,ENSG00000151136,0.014744257,1.0,0.12455151
LINC02824,ENSG00000255998,0.014117567,1.0,-0.020154674
LINC01572,ENSG00000261008,0.014066702,1.0,0.0488103
NIBAN1,ENSG00000135842,0.013647128,1.0,0.23120506
ST6GALNAC3,ENSG00000184005,0.012989752,1.0,1.2537415
NPAS3,ENSG00000151322,0.012338559,1.0,0.40610895
H2BC5,ENSG00000158373,0.012196835,1.0,0.07882657
GAS7,ENSG00000007237,0.011785473,1.0,0.6199725
MKI67,ENSG00000148773,0.011179235,1.0,-0.03403813
ARRDC3-AS1,ENSG00000281357,0.011013397,1.0,0.100823626
MARCHF3,ENSG00000173926,0.010991458,1.0,0.40120083
KCNQ3,ENSG00000184156,0.010753166,1.0,0.84044814
SGK1,ENSG00000118515,0.010528825,1.0,0.13052118
,ENSG00000243055,0.0104490565,1.0,-0.0125890095
CPVL,ENSG00000106066,0.010271368,1.0,0.3797615
ARID5B,ENSG00000150347,0.009701804,1.0,0.09011132
CD163,ENSG00000177575,0.009639381,1.0,0.06662614
SIGLEC1,ENSG00000088827,0.009523182,1.0,0.13968039
SAT1,ENSG00000130066,0.009385831,1.0,0.1306217
,ENSG00000253496,0.009249241,1.0,0.014479199
LGMN,ENSG00000100600,0.008703369,1.0,0.10044853
SPON2,ENSG00000159674,0.008622847,1.0,-0.02047093
CHI3L1,ENSG00000133048,0.008599797,1.0,0.017948225
CD83,ENSG00000112149,0.008440959,1.0,0.047617592
OPRM1,ENSG00000112038,0.008242426,1.0,0.1827956
SMYD3,ENSG00000185420,0.007994526,1.0,0.011265141
MT-CO2,ENSG00000198712,0.007929246,1.0,0.0009009661
KLRC3,ENSG00000205810,0.007889131,1.0,-0.002843866
LOC107986178,ENSG00000249631,0.007856392,1.0,-0.026744597
TLR2,ENSG00000137462,0.007832812,1.0,-0.1292439
LOC105371256,ENSG00000285367,0.007137567,1.0,0.2781031
COX10-DT,ENSG00000236088,0.0066087637,1.0,0.050961584
,ENSG00000244649,0.006137134,1.0,-0.026449177
LINC01020,ENSG00000215231,0.0058582854,1.0,-0.00038490252
AUTS2,ENSG00000158321,0.0056709545,1.0,0.4092617
,ENSG00000234663,0.0051888376,1.0,0.040005345
TRERF1,ENSG00000124496,0.0051750587,1.0,0.027907884
RANBP3L,ENSG00000164188,0.0051320307,1.0,0.002905156
LOC105376219,ENSG00000227531,0.0051238653,1.0,0.06709562
CTNNA3,ENSG00000183230,0.00505032,1.0,0.04058883
,ENSG00000286174,0.00499522,1.0,-0.006480827
COMMD10,ENSG00000145781,0.004856544,1.0,-0.2880701
TMSB4X,ENSG00000205542,0.0046309913,1.0,0.18432173
MAN1A1,ENSG00000111885,0.004587319,1.0,0.21452555
CPQ,ENSG00000104324,0.0042644376,1.0,0.32771754
PFKFB3,ENSG00000170525,0.0041830908,1.0,0.012669913
EGR3,ENSG00000179388,0.003994476,1.0,-0.023569763
MACROD2,ENSG00000172264,0.0039017333,1.0,0.13060209
MSR1,ENSG00000038945,0.003608911,1.0,-0.22895816
XIST,ENSG00000229807,0.003585458,1.0,-0.07649754
CLYBL,ENSG00000125246,0.003530313,1.0,0.08601468
OR3A2,ENSG00000221882,0.0034319947,1.0,0.038235284
FMN1,ENSG00000248905,0.0032030053,1.0,1.0678201
FGL1,ENSG00000104760,0.0031108637,1.0,0.082790814
LINC01266,ENSG00000224957,0.002999259,1.0,0.0092364345
CRYBG1,ENSG00000112297,0.0027938413,1.0,-0.0014905779
LOC124903183,ENSG00000285572,0.0027585241,1.0,0.06296343
GMDS,ENSG00000112699,0.0026669533,1.0,-0.12353287
PELI1,ENSG00000197329,0.0026514654,1.0,0.3176034
HSPA5,ENSG00000044574,0.0021993509,1.0,0.028221691
RPL28,ENSG00000108107,0.0020825695,1.0,-0.12381358
SNHG31,ENSG00000229267,0.002071295,1.0,-0.006053021
LINC02232,ENSG00000250125,0.002025063,1.0,-0.3495013
ZFP36L2,ENSG00000152518,0.0017673534,1.0,0.0751749
CCND3,ENSG00000112576,0.0016054465,1.0,-0.27532297
RPL11,ENSG00000142676,0.0011755449,1.0,-0.07414644
PARD3B,ENSG00000116117,0.0010839568,1.0,-0.010018498
P4HA1,ENSG00000122884,0.0009437899,1.0,0.44926706
APOC2,ENSG00000234906,0.000741664,1.0,0.037802577
RPL32,ENSG00000144713,0.00022183174,1.0,-0.003837993
,ENSG00000249490,0.0,1.0,0.0
MLNR,ENSG00000102539,0.0,1.0,0.0
WFDC5,ENSG00000175121,0.0,1.0,0.0
GPR15,ENSG00000154165,0.0,1.0,0.0
LOC124902479,ENSG00000273124,0.0,1.0,0.0
,ENSG00000265126,0.0,1.0,0.0
IGHVIII-76-1,ENSG00000253310,0.0,1.0,0.0
NKX2-6,ENSG00000180053,0.0,1.0,0.0
,ENSG00000228923,0.0,1.0,0.0
GJD3,ENSG00000183153,0.0,1.0,0.0
,ENSG00000284694,0.0,1.0,0.0
,ENSG00000270540,0.0,1.0,0.0
LOC105372035,ENSG00000263382,0.0,1.0,0.0
BARX1-DT,ENSG00000235601,0.0,1.0,0.0
,ENSG00000268475,0.0,1.0,0.0
,ENSG00000259814,0.0,1.0,0.0
TRAV14DV4,ENSG00000211792,0.0,1.0,0.0
FAM247B,ENSG00000278044,0.0,1.0,0.0
,ENSG00000280511,0.0,1.0,0.0
OR6C1,ENSG00000205330,0.0,1.0,0.0
,ENSG00000266153,0.0,1.0,0.0
IL17C,ENSG00000124391,0.0,1.0,0.0
SLC1A2-AS1,ENSG00000255004,0.0,1.0,0.0
LINC00375,ENSG00000226370,0.0,1.0,0.0
LOC105375709,ENSG00000287819,0.0,1.0,0.0
LINC02186,ENSG00000261856,0.0,1.0,0.0
LOC124901427,ENSG00000273132,0.0,1.0,0.0
,ENSG00000287393,0.0,1.0,0.0
,ENSG00000272783,0.0,1.0,0.0
LOC105375972,ENSG00000230920,0.0,1.0,0.0
,ENSG00000235201,0.0,1.0,0.0
ARHGEF4-AS1,ENSG00000233221,0.0,1.0,0.0
,ENSG00000225561,0.0,1.0,0.0
,ENSG00000228073,0.0,1.0,0.0
TTLL10-AS1,ENSG00000205231,0.0,1.0,0.0
,ENSG00000249697,0.0,1.0,0.0
,ENSG00000230627,0.0,1.0,0.0
,ENSG00000224698,0.0,1.0,0.0
LOC105372969,ENSG00000233577,0.0,1.0,0.0
LINC02304,ENSG00000259110,0.0,1.0,0.0
,ENSG00000273445,0.0,1.0,0.0
LOC124905176,ENSG00000226679,0.0,1.0,0.0
,ENSG00000266901,0.0,1.0,0.0
ADIPOQ-AS1,ENSG00000226482,0.0,1.0,0.0
,ENSG00000233236,0.0,1.0,0.0
FOXD3-AS1,ENSG00000230798,0.0,1.0,0.0
,ENSG00000267232,0.0,1.0,0.0
CSHL1,ENSG00000204414,0.0,1.0,0.0
RPS18,ENSG00000231500,-0.0003081375,1.0,-0.02132409
GLCCI1,ENSG00000106415,-0.0003478674,1.0,-0.00017774162
ENTPD1-AS1,ENSG00000226688,-0.00080164615,1.0,-0.23871312
SGO1-AS1,ENSG00000231304,-0.0008460307,1.0,0.09426067
RGS16,ENSG00000143333,-0.0010538669,1.0,-0.04187102
CCL3,ENSG00000277632,-0.0013167679,1.0,0.01682171
RPL37,ENSG00000145592,-0.0015139868,1.0,-0.059753053
,ENSG00000275119,-0.0015998288,1.0,0.023051249
LEPR,ENSG00000116678,-0.0019879392,1.0,0.002123093
LOC107985651,ENSG00000286072,-0.002577334,1.0,0.0016744486
,ENSG00000250938,-0.0030186295,1.0,-0.019742802
LINC02910,ENSG00000228340,-0.003225897,1.0,0.6164618
SPP1,ENSG00000118785,-0.0032856057,1.0,-0.05788002
,ENSG00000258168,-0.0037871553,1.0,0.03590871
SH3RF3,ENSG00000172985,-0.00512332,1.0,-0.017433388
CRADD,ENSG00000169372,-0.0052808933,1.0,-0.12257429
ZCCHC7,ENSG00000147905,-0.0053000846,1.0,0.6176374
,ENSG00000228065,-0.0053409664,1.0,-0.051977776
BACH1,ENSG00000156273,-0.0054022013,1.0,0.112773985
PDK4,ENSG00000004799,-0.0054517286,1.0,-0.08838294
HSPA1A,ENSG00000204389,-0.005507007,1.0,-0.1634095
LOC105375523,ENSG00000232053,-0.0057613775,1.0,-0.057421573
MYO1D,ENSG00000176658,-0.0057697147,1.0,-0.08322843
FAM177B,ENSG00000197520,-0.005799569,1.0,-0.092049316
PTPN14,ENSG00000152104,-0.005812113,1.0,-0.04382005
SRGN,ENSG00000122862,-0.0063678673,1.0,0.0011449012
,ENSG00000227033,-0.006513766,1.0,-0.06482053
GLYATL1-AS1,ENSG00000255240,-0.00653444,1.0,-0.06491124
TRAT1,ENSG00000163519,-0.0065559126,1.0,0.002967672
ADAMTS2,ENSG00000087116,-0.0067397184,1.0,0.018948482
,ENSG00000287291,-0.007034135,1.0,-0.05562577
CD163L1,ENSG00000177675,-0.0071018916,1.0,-0.024506278
KNL1,ENSG00000137812,-0.0073602577,1.0,-0.06029486
NFIA,ENSG00000162599,-0.007517818,1.0,0.29713985
,ENSG00000237978,-0.007936654,1.0,-0.036049675
WIPF3,ENSG00000122574,-0.007968552,1.0,-0.061334338
BIN1,ENSG00000136717,-0.008190684,1.0,-0.113280244
DIAPH2-AS1,ENSG00000236256,-0.008387394,1.0,-0.11542295
LINC01845,ENSG00000253298,-0.008493792,1.0,-0.010007465
MGAM,ENSG00000257335,-0.008599121,1.0,-0.043707274
ARHGAP26-AS1,ENSG00000226272,-0.008936147,1.0,-0.027507046
ERC2,ENSG00000187672,-0.009292143,1.0,-0.4037701
FAU,ENSG00000149806,-0.009443554,1.0,-0.0806285
GMDS-DT,ENSG00000250903,-0.009734108,1.0,0.12362236
CGNL1,ENSG00000128849,-0.009762069,1.0,-0.08750281
ZNF560,ENSG00000198028,-0.009796731,1.0,-0.010448755
PAPSS2,ENSG00000198682,-0.009979785,1.0,0.001853416
LINC01258,ENSG00000249534,-0.01005463,1.0,-0.035795934
MARCO,ENSG00000019169,-0.010339304,1.0,-0.002391544
IL7,ENSG00000104432,-0.010802235,1.0,-0.04127896
HSPB1,ENSG00000106211,-0.010812575,1.0,-0.1294621
,ENSG00000253821,-0.010943298,1.0,-0.014408103
,ENSG00000287555,-0.011460166,1.0,-0.0922957
,ENSG00000287621,-0.012440787,1.0,-0.013893265
SCIN,ENSG00000006747,-0.012517961,1.0,-0.34850717
ELP4,ENSG00000109911,-0.012571851,1.0,-0.14905289
LOC100506207,ENSG00000285219,-0.012802444,1.0,-0.11474876
HLCS,ENSG00000159267,-0.012960819,1.0,-0.19082585
,ENSG00000250453,-0.013166861,1.0,-0.024180215
ZNF407,ENSG00000215421,-0.01316895,1.0,-0.18204908
FRMD4B,ENSG00000114541,-0.013230894,1.0,0.034714777
S100Z,ENSG00000171643,-0.013242081,1.0,-0.12699577
PELI2,ENSG00000139946,-0.013352514,1.0,-0.2299143
PSD3,ENSG00000156011,-0.013684476,1.0,-0.05351371
BCL2,ENSG00000171791,-0.014030173,1.0,-0.044636436
PCAT1,ENSG00000253438,-0.014150012,1.0,-0.07784592
C8orf34-AS1,ENSG00000248801,-0.01415712,1.0,-0.016998228
DPH6,ENSG00000134146,-0.014220563,1.0,-0.14715166
COLEC12,ENSG00000158270,-0.014268853,1.0,-0.08359494
TBC1D8,ENSG00000204634,-0.014526824,1.0,-0.3032272
BCAS3,ENSG00000141376,-0.014774698,1.0,-0.07759096
,ENSG00000241743,-0.014921152,1.0,-0.13342512
DLEU7,ENSG00000186047,-0.0155347055,1.0,-0.13771175
RPLP1,ENSG00000137818,-0.01573745,1.0,-0.26868647
RPL38,ENSG00000172809,-0.015791355,1.0,-0.19995318
MT-ND5,ENSG00000198786,-0.016194025,1.0,-0.20500962
LMCD1-AS1,ENSG00000227110,-0.016358167,1.0,-0.15466462
LOC105377918,ENSG00000287616,-0.016800687,1.0,-0.11784881
SULF2,ENSG00000196562,-0.016888928,1.0,-0.077850826
TXNIP,ENSG00000265972,-0.01719682,1.0,-0.068397425
RPL35,ENSG00000136942,-0.01738027,1.0,-0.2204756
PSMA1,ENSG00000129084,-0.017414058,1.0,0.012566945
TSHZ3,ENSG00000121297,-0.017441215,1.0,-0.07097529
FOXP2,ENSG00000128573,-0.017550489,1.0,-0.018892094
ESR1,ENSG00000091831,-0.017560797,1.0,-0.1762878
,ENSG00000251003,-0.018123256,1.0,-0.16382995
,ENSG00000266846,-0.018274946,1.0,-0.20650633
DTNA,ENSG00000134769,-0.0183584,1.0,-0.032391876
CD74,ENSG00000019582,-0.01859647,1.0,0.22842371
IL12B-AS1,ENSG00000249738,-0.018613774,1.0,-0.32697102
LINC00571,ENSG00000223685,-0.018905094,1.0,-0.04653643
ENOX2,ENSG00000165675,-0.019255303,1.0,-0.23830125
RAD51B,ENSG00000182185,-0.019550623,1.0,-0.48975292
HS2ST1,ENSG00000153936,-0.020267325,1.0,-0.25510457
KLRK1-AS1,ENSG00000245648,-0.020389063,1.0,-0.015170553
LINC01376,ENSG00000236204,-0.020618793,1.0,-0.14527497
SERPINB9,ENSG00000170542,-0.020707898,1.0,-0.10382316
FOXP1,ENSG00000114861,-0.021229729,1.0,0.0069650197
APOC1,ENSG00000130208,-0.021405501,1.0,-0.2628921
PBX3,ENSG00000167081,-0.021715859,1.0,-0.55247974
PTPN22,ENSG00000134242,-0.021782571,1.0,0.023116216
MT-ND2,ENSG00000198763,-0.022028876,1.0,-0.2698277
GZMM,ENSG00000197540,-0.02206824,1.0,-0.0027580594
TANC1,ENSG00000115183,-0.022114914,1.0,-0.38211015
SYTL2,ENSG00000137501,-0.022608716,1.0,-0.14774373
TMTC2,ENSG00000179104,-0.023219254,1.0,-0.25777438
PDGFB,ENSG00000100311,-0.023743926,1.0,-0.31884885
,ENSG00000229989,-0.024588894,1.0,-0.49808717
MYO1E,ENSG00000157483,-0.02549848,1.0,-0.38559142
LPL,ENSG00000175445,-0.025709793,1.0,-0.062812656
EEF1A1,ENSG00000156508,-0.026237313,1.0,-0.19716938
CACNA1D,ENSG00000157388,-0.02663343,1.0,-0.19478765
,ENSG00000228061,-0.026717898,1.0,-0.21665476
PPM1L,ENSG00000163590,-0.026791954,1.0,-0.3758806
GAB1,ENSG00000109458,-0.027162196,1.0,-0.62490153
LOC102723690,ENSG00000226571,-0.027406635,1.0,-0.035891548
THRB,ENSG00000151090,-0.027474422,1.0,-0.56713796
RRM2,ENSG00000171848,-0.027724791,1.0,-0.013741265
ARHGAP20,ENSG00000137727,-0.02787223,1.0,-0.2886916
MT-CO3,ENSG00000198938,-0.028538153,1.0,-0.71086717
,ENSG00000261403,-0.028982446,1.0,-0.0051361197
USP9Y,ENSG00000114374,-0.029170692,1.0,-0.28888896
MT-ATP6,ENSG00000198899,-0.029171517,1.0,-0.30259714
,ENSG00000251680,-0.029651364,1.0,-0.2929525
RPL19,ENSG00000108298,-0.029664628,1.0,-0.4218115
CH25H,ENSG00000138135,-0.02979934,1.0,-0.09826782
CCL4,ENSG00000275302,-0.029800659,1.0,-0.08541404
CAMKMT,ENSG00000143919,-0.030576939,1.0,-0.46903926
TTTY14,ENSG00000176728,-0.030642569,1.0,-0.32721862
PRKCE,ENSG00000171132,-0.030707533,1.0,-0.56406486
CLEC5A,ENSG00000258227,-0.030829085,1.0,-0.29093605
USP53,ENSG00000145390,-0.030843737,1.0,-0.83990145
RPS24,ENSG00000138326,-0.03103271,1.0,-0.40286914
,ENSG00000261645,-0.031108284,1.0,-0.11525134
ID2,ENSG00000115738,-0.031160753,1.0,-0.33259746
PGCKA1,ENSG00000154274,-0.03153529,1.0,-0.2972796
,ENSG00000227240,-0.03168145,1.0,-0.034642454
IL15,ENSG00000164136,-0.032060526,1.0,-0.3303959
RETN,ENSG00000104918,-0.03211807,1.0,-0.02086564
XKR6,ENSG00000171044,-0.032282267,1.0,-0.43407688
FOXO1,ENSG00000150907,-0.03238584,1.0,-0.45872045
SCFD2,ENSG00000184178,-0.032516606,1.0,-0.3711208
TENT5A,ENSG00000112773,-0.03252807,1.0,-0.18859243
,ENSG00000228655,-0.03357133,1.0,-0.4379872
PPP1R15A,ENSG00000087074,-0.033879247,1.0,-0.18906069
LINC02742,ENSG00000249867,-0.033958748,1.0,-0.36690772
NOG,ENSG00000183691,-0.034192536,1.0,-0.0005834828
TCF7L2,ENSG00000148737,-0.03446691,1.0,-0.37947956
NAV3,ENSG00000067798,-0.034543447,1.0,0.32257038
ITK,ENSG00000113263,-0.03469831,1.0,-0.05025307
EDA,ENSG00000158813,-0.03481962,1.0,-0.50527406
,ENSG00000274225,-0.034920663,1.0,0.0047438624
HSH2D,ENSG00000196684,-0.035121668,1.0,-0.013807459
EEPD1,ENSG00000122547,-0.035157084,1.0,-0.35531652
OLR1,ENSG00000173391,-0.035194594,1.0,-0.3564418
,ENSG00000257599,-0.035661455,1.0,-0.012032494
,ENSG00000225689,-0.035787832,1.0,-0.21188761
LINC02328,ENSG00000258733,-0.035908934,1.0,-0.47689053
CA8,ENSG00000178538,-0.036004294,1.0,-0.25055438
SCN9A,ENSG00000169432,-0.0364061,1.0,-0.05862286
RPL13,ENSG00000167526,-0.036555886,1.0,-0.5642548
SCMH1,ENSG00000010803,-0.03680876,1.0,-0.6167217
RPS27,ENSG00000177954,-0.037207328,1.0,-0.5228582
EYA2,ENSG00000064655,-0.037249256,1.0,-0.22356953
,ENSG00000099725,-0.03732119,1.0,-0.36866796
,ENSG00000132204,-0.037454553,1.0,-0.010855722
RGCC,ENSG00000102760,-0.037614036,1.0,-0.08956093
CD14,ENSG00000170458,-0.038211804,1.0,-0.54397637
MIR31HG,ENSG00000171889,-0.038406998,1.0,-0.35715768
,ENSG00000227028,-0.03844612,1.0,-0.6285066
SUMF1,ENSG00000144455,-0.038610086,1.0,-0.5326438
CEP128,ENSG00000100629,-0.03893159,1.0,-0.4274845
PTPRM,ENSG00000173482,-0.038971677,1.0,-0.5393992
RPS8,ENSG00000142937,-0.038993053,1.0,-0.5509328
MIR3667HG,ENSG00000188511,-0.039360166,1.0,-0.5450955
DDIT4,ENSG00000168209,-0.039414674,1.0,-0.45132762
,ENSG00000286618,-0.039493155,1.0,-0.4509121
MICOS10,ENSG00000173436,-0.039562576,1.0,-0.48182932
CCDC26,ENSG00000229140,-0.03972129,1.0,-0.34782073
VAV3,ENSG00000134215,-0.039796963,1.0,-0.098141566
RPS19,ENSG00000105372,-0.03983902,1.0,-1.1188369
P3H2,ENSG00000090530,-0.040102605,1.0,-0.48017693
APOLD1,ENSG00000178878,-0.04055075,1.0,-0.19559422
DUSP1,ENSG00000120129,-0.040823884,1.0,-0.4033141
FKBP5,ENSG00000096060,-0.041056395,1.0,-0.5153146
UMAD1,ENSG00000219545,-0.041070834,1.0,-0.52425563
TRPS1,ENSG00000104447,-0.041309237,1.0,-0.98632497
SETBP1,ENSG00000152217,-0.041438393,1.0,-0.77310616
MIR2052HG,ENSG00000254349,-0.04150274,1.0,-0.24511181
,ENSG00000286423,-0.041576486,1.0,-0.07465025
CDK6,ENSG00000105810,-0.042057626,1.0,-0.48016223
TENT5C,ENSG00000183508,-0.042164862,1.0,7.845147e-05
LINC02432,ENSG00000248810,-0.042194013,1.0,-0.33876327
LOC105378305,ENSG00000231131,-0.042491138,1.0,-0.1534192
LYVE1,ENSG00000133800,-0.0428533,1.0,-0.403775
,ENSG00000255968,-0.04299817,1.0,-0.5306911
FBXO38-DT,ENSG00000247199,-0.043226562,1.0,-0.36945248
RPS25,ENSG00000118181,-0.04333834,1.0,-0.59731233
TSHR,ENSG00000165409,-0.043825783,1.0,-0.37118578
RNF217-AS1,ENSG00000236548,-0.044012,1.0,-0.19741577
GALNTL6,ENSG00000174473,-0.044152774,1.0,-0.57984954
APBA1,ENSG00000107282,-0.04424704,1.0,-0.7851374
LINC00996,ENSG00000242258,-0.044522863,1.0,-0.0817685
SLC38A4-AS1,ENSG00000257261,-0.04469449,1.0,-0.44107133
SLCO3A1,ENSG00000176463,-0.044861972,1.0,-0.31837445
LOC105370460,ENSG00000258526,-0.04496732,1.0,-0.54871655
RORA-AS1,ENSG00000245534,-0.045362223,1.0,-0.24142705
HIF1A,ENSG00000100644,-0.045573227,1.0,-0.74992985
CENPP,ENSG00000188312,-0.045668453,1.0,-0.6536773
RPS27A,ENSG00000143947,-0.046139006,1.0,-0.6400095
ROR2,ENSG00000169071,-0.046345025,1.0,-0.15706965
NR6A1,ENSG00000148200,-0.04672341,1.0,-0.5442068
AHCYL2,ENSG00000158467,-0.047138195,1.0,-0.7208452
EPSTI1,ENSG00000133106,-0.047184445,1.0,-0.45697
IL32,ENSG00000008517,-0.04724801,1.0,-0.0006030957
HAMP,ENSG00000105697,-0.047295325,1.0,-0.57542557
RGS2,ENSG00000116741,-0.04799022,1.0,-0.18230405
RGL1,ENSG00000143344,-0.048192944,1.0,-0.664332
LINC03041,ENSG00000205549,-0.0485576,1.0,-0.04586714
,ENSG00000253535,-0.048651103,1.0,-0.8021945
STK32B,ENSG00000152953,-0.048723266,1.0,-0.8218919
RNLS,ENSG00000184719,-0.04888464,1.0,-0.45355737
,ENSG00000255886,-0.049211293,1.0,-0.45648092
APOE,ENSG00000130203,-0.049406722,1.0,-0.51986235
RNF175,ENSG00000145428,-0.049794387,1.0,-0.39417204
MMADHC-DT,ENSG00000231969,-0.050107453,1.0,-0.27867064
CD44,ENSG00000026508,-0.050127164,1.0,-0.20649162
MAPK8,ENSG00000107643,-0.050658714,1.0,-0.57312596
AIF1,ENSG00000204472,-0.051453687,1.0,-0.5797196
,ENSG00000254733,-0.051580735,1.0,-0.15345353
C1QC,ENSG00000159189,-0.051589154,1.0,-0.8066772
TPT1,ENSG00000133112,-0.05168,1.0,-0.4633638
IQGAP2,ENSG00000145703,-0.051702615,1.0,-0.557535
BCAS2,ENSG00000116752,-0.05201429,1.0,-0.28224143
MT-ND4,ENSG00000198886,-0.052268837,1.0,-0.65616566
ST18,ENSG00000147488,-0.052732773,1.0,-0.28219116
DPYD-AS1,ENSG00000232878,-0.053533413,1.0,-0.53770393
DEPTOR,ENSG00000155792,-0.054249436,1.0,-0.7219337
KIAA0825,ENSG00000185261,-0.054397427,1.0,-0.60960716
MT-CYB,ENSG00000198727,-0.054460444,1.0,-0.6421228
KLF12,ENSG00000118922,-0.054828912,1.0,-0.6997822
GASK1B-AS1,ENSG00000248429,-0.05499742,1.0,-0.5636088
PLAC8,ENSG00000145287,-0.05588213,1.0,-0.35331354
IGSF21,ENSG00000117154,-0.056086667,1.0,-0.4213187
CEBPD,ENSG00000221869,-0.056639034,1.0,-0.7975107
NAMPT,ENSG00000105835,-0.056755103,1.0,-0.6264448
CD8A,ENSG00000153563,-0.057035163,1.0,-0.047352817
LOC105375826,ENSG00000253474,-0.057119686,1.0,-0.05942699
H2BC11,ENSG00000124635,-0.057472356,1.0,-0.1311966
DPYD,ENSG00000188641,-0.058334287,1.0,-0.37837878
NCKAP5,ENSG00000176771,-0.05837967,1.0,-1.028337
PRKCA,ENSG00000154229,-0.059112974,1.0,-0.33331332
FTL,ENSG00000087086,-0.059253022,1.0,-1.5874704
MIR223HG,ENSG00000274536,-0.059388623,1.0,-0.80508614
SNCA,ENSG00000145335,-0.059425596,1.0,-0.36037174
PDE4B,ENSG00000184588,-0.059479877,1.0,-1.2405959
MRC1,ENSG00000260314,-0.05998293,1.0,-0.7417194
TFRC,ENSG00000072274,-0.060313758,1.0,-0.58265907
EPHA1-AS1,ENSG00000229153,-0.060505696,1.0,-0.2761884
,ENSG00000251513,-0.061106406,1.0,-0.3144188
RPS28,ENSG00000233927,-0.061198924,1.0,-1.111547
,ENSG00000273956,-0.061239205,1.0,-0.00019612868
DIO2,ENSG00000211448,-0.061544456,1.0,-0.046737462
PRELID2,ENSG00000186314,-0.061705202,1.0,-0.77824104
ZNF831,ENSG00000124203,-0.0617277,1.0,-0.06586491
PID1,ENSG00000153823,-0.061767135,1.0,-0.6182319
SDK1,ENSG00000146555,-0.06250079,1.0,-0.8847132
PDGFC,ENSG00000145431,-0.06281364,1.0,-0.9514913
OXR1,ENSG00000164830,-0.0629343,1.0,-0.38321337
,ENSG00000271743,-0.06305799,1.0,-0.005523474
CBLB,ENSG00000114423,-0.063502885,1.0,-0.8729871
FTH1,ENSG00000167996,-0.064103805,1.0,-0.9068732
EXT1,ENSG00000182197,-0.06422652,1.0,-0.909054
CEMIP2,ENSG00000135048,-0.06460459,1.0,-0.68873036
CFH,ENSG00000000971,-0.06469684,1.0,-0.0437465
SLC2A3,ENSG00000059804,-0.06490727,1.0,-0.82451266
,ENSG00000286121,-0.065458566,1.0,-0.1996075
TMEM117,ENSG00000139173,-0.06555417,1.0,-0.83072627
,ENSG00000258561,-0.06584437,1.0,-0.21654077
,ENSG00000250195,-0.06688737,1.0,-0.34258285
,ENSG00000285755,-0.06697712,1.0,-0.51732737
VSIG4,ENSG00000155659,-0.067302585,1.0,-1.2071598
,ENSG00000236230,-0.067474835,1.0,-0.17116149
RPS23,ENSG00000186468,-0.06748937,1.0,-0.89257425
ADAMTS6,ENSG00000049192,-0.06749117,1.0,-0.1696133
LINC01091,ENSG00000249464,-0.067663245,1.0,-0.72555596
,ENSG00000223653,-0.06899676,1.0,-0.23840912
PRKCQ,ENSG00000065675,-0.06905052,1.0,-0.4037799
,ENSG00000224467,-0.06921119,1.0,-0.14434825
RPL6,ENSG00000089009,-0.06924812,1.0,-0.91656816
FLT1,ENSG00000102755,-0.06926521,1.0,-0.5001269
RASGRP1,ENSG00000172575,-0.07041553,1.0,-0.19205777
RNF144B,ENSG00000137393,-0.0705429,1.0,-1.1449109
RNF150,ENSG00000170153,-0.07083358,1.0,-1.2286211
RPS15,ENSG00000115268,-0.071671896,1.0,-0.8911523
IMMP2L,ENSG00000184903,-0.072152734,1.0,-1.8009307
,ENSG00000288088,-0.072169416,1.0,-0.054235708
UTY,ENSG00000183878,-0.07318364,1.0,-0.8452582
CD69,ENSG00000110848,-0.073223695,1.0,-0.3977232
GZMA,ENSG00000145649,-0.07327088,1.0,-0.035131548
H2BC8,ENSG00000273802,-0.07334976,1.0,-0.4014558
CFP,ENSG00000126759,-0.0733621,1.0,-0.0294573
,ENSG00000205056,-0.07337016,1.0,-0.5118689
,ENSG00000285691,-0.07354411,1.0,0.003912767
HLA-DRA,ENSG00000204287,-0.0738001,1.0,-1.204387
TMEM182,ENSG00000170417,-0.07457197,1.0,-0.32847387
TENM4,ENSG00000149256,-0.07501795,1.0,-1.1708698
IL12RB2,ENSG00000081985,-0.07646413,1.0,-0.19341229
LINC01619,ENSG00000257242,-0.07673669,1.0,-0.3907214
MCF2L2,ENSG00000053524,-0.07789379,1.0,-1.1422228
,ENSG00000274198,-0.07877556,1.0,-0.005133668
SIPA1L1,ENSG00000197555,-0.07882874,1.0,-1.6121912
,ENSG00000285354,-0.07923615,1.0,-0.005133668
SHOC1,ENSG00000165181,-0.07932038,1.0,-1.2353091
CACNB4,ENSG00000182389,-0.07992987,1.0,-0.8741063
P2RY8,ENSG00000182162,-0.08071388,1.0,-0.39987695
CALCR,ENSG00000004948,-0.08113001,1.0,-0.1954226
PDE3B,ENSG00000152270,-0.08114373,1.0,-0.943499
LINC01933,ENSG00000254226,-0.08122428,1.0,-0.15840822
LINC01684,ENSG00000237484,-0.08159645,1.0,-1.2354428
,ENSG00000272642,-0.08217084,1.0,-0.020505253
KCNE1,ENSG00000180509,-0.082489,1.0,-0.23097093
MYOCOS,ENSG00000283683,-0.082875244,1.0,-0.11483579
,ENSG00000286273,-0.083114006,1.0,-0.0053310227
,ENSG00000288016,-0.08335939,1.0,-0.27341318
TMEM163,ENSG00000152128,-0.0842323,1.0,-1.187157
SKAP1,ENSG00000141293,-0.084288485,1.0,-0.10746013
PLIN2,ENSG00000147872,-0.085056156,1.0,-0.54029036
B2M,ENSG00000166710,-0.08541288,1.0,-1.2247905
SUPT3H,ENSG00000196284,-0.08610699,1.0,-1.428334
P2RY14,ENSG00000174944,-0.086811066,1.0,-0.3241247
HIP1,ENSG00000127946,-0.087537825,1.0,-0.76530755
SLC38A1,ENSG00000111371,-0.0877138,1.0,-0.3366377
CECR2,ENSG00000099954,-0.088812344,1.0,-0.6427517
RGS1,ENSG00000090104,-0.090059176,1.0,-1.2592074
TMSB10,ENSG00000034510,-0.090108745,1.0,-1.2818565
,ENSG00000249955,-0.09081134,1.0,-0.0051361197
,ENSG00000259336,-0.09151286,1.0,-0.5124548
EBF1,ENSG00000164330,-0.09157584,1.0,-0.03456523
RPL41,ENSG00000229117,-0.09234888,1.0,-1.7881444
LINC02188,ENSG00000261175,-0.09250082,1.0,-0.00019612868
,ENSG00000286458,-0.0929427,1.0,-0.39466238
PLEKHG1,ENSG00000120278,-0.09314831,1.0,-0.49879444
CCDC102B,ENSG00000150636,-0.095391735,1.0,-0.79606175
LINC00907,ENSG00000267586,-0.09558141,1.0,-0.4070957
RPLP2,ENSG00000177600,-0.09652425,1.0,-1.1979822
GPR183,ENSG00000169508,-0.0971299,1.0,-0.9280024
DDX53,ENSG00000184735,-0.09744546,1.0,-0.0051361197
TBC1D22A-DT,ENSG00000260708,-0.09762245,1.0,-0.57355624
FAM110B,ENSG00000169122,-0.09818062,1.0,-1.2372214
,ENSG00000224194,-0.100016,1.0,-0.00039470894
MT-CO1,ENSG00000198804,-0.10067769,1.0,-1.4311326
ANKUB1,ENSG00000206199,-0.10068614,1.0,-1.5353541
FCRL5,ENSG00000143297,-0.10099896,1.0,-0.015573842
LINC00278,ENSG00000231535,-0.10252854,1.0,-0.99253124
BACH2,ENSG00000112182,-0.103035554,1.0,-0.5408469
C12orf42,ENSG00000179088,-0.10399589,1.0,-0.5288757
RPL36A,ENSG00000241343,-0.104128085,1.0,-1.2639291
,ENSG00000254538,-0.10445697,1.0,-0.7962898
FANCC,ENSG00000158169,-0.10447103,1.0,-1.0382047
CD36,ENSG00000135218,-0.10464167,1.0,-0.128935
VIM,ENSG00000026025,-0.10491272,1.0,-0.30721104
HSP90AA1,ENSG00000080824,-0.105382115,1.0,-1.7233164
RPL23A,ENSG00000198242,-0.10602146,1.0,-1.310674
RPL3,ENSG00000100316,-0.10768578,1.0,-1.7704891
GNLY,ENSG00000115523,-0.108427055,1.0,-0.55857813
FCRL1,ENSG00000163534,-0.11102288,1.0,0.0027641885
,ENSG00000227486,-0.11119886,1.0,-0.76671356
,ENSG00000234428,-0.111303665,1.0,-1.3027039
BCL2A1,ENSG00000140379,-0.11205772,1.0,-0.4421059
MT2A,ENSG00000125148,-0.11226466,1.0,-0.88690615
RPS2,ENSG00000140988,-0.11266564,1.0,-1.9948345
C1QB,ENSG00000173369,-0.113556094,1.0,-2.1635923
DAZ1,ENSG00000188120,-0.11381238,1.0,-0.00019612868
,ENSG00000273338,-0.11431028,1.0,-0.5308664
NRP1,ENSG00000099250,-0.11539237,1.0,-1.7138238
SPATA6,ENSG00000132122,-0.11606706,1.0,-1.7947048
CMSS1,ENSG00000184220,-0.11705828,1.0,-2.176582
,ENSG00000228417,-0.11720375,1.0,-0.00019612868
RPS4X,ENSG00000198034,-0.120055825,1.0,-1.3702738
FCGBP,ENSG00000275395,-0.12034331,1.0,-1.6934412
DOCK1,ENSG00000150760,-0.12166377,1.0,-0.93104
SYNE2,ENSG00000054654,-0.12204187,1.0,-0.38939878
LOC105377953,ENSG00000287728,-0.12204333,1.0,-0.32672954
RPL8,ENSG00000161016,-0.12344201,1.0,-1.5892699
,ENSG00000263787,-0.123538256,1.0,-0.02213067
F13A1,ENSG00000124491,-0.123685144,1.0,-1.0262163
ITGA4,ENSG00000115232,-0.12389577,1.0,-0.38807368
,ENSG00000264031,-0.124341905,1.0,-2.085506
CRADD-AS1,ENSG00000258274,-0.12451033,1.0,-0.56549656
LINC01505,ENSG00000234323,-0.12690425,1.0,-0.54191333
LINC02712,ENSG00000273409,-0.12719841,1.0,-1.5144933
RIPOR2,ENSG00000111913,-0.12779096,1.0,-0.71884835
TNFAIP8,ENSG00000145779,-0.13277332,1.0,-1.7633268
PLAT,ENSG00000104368,-0.13345213,1.0,-0.7989056
LINC01036,ENSG00000230426,-0.13372304,1.0,-0.44829622
KLRK1,ENSG00000213809,-0.1355853,1.0,-0.12566209
LOC286177,ENSG00000253614,-0.13585536,1.0,-0.00019612868
GRAP2,ENSG00000100351,-0.13881275,1.0,-0.11936636
RHOB,ENSG00000143878,-0.14116257,1.0,-0.7650857
,ENSG00000251139,-0.14365652,1.0,-0.77679706
EGR2,ENSG00000122877,-0.14483911,1.0,-0.0442074
CLEC12A,ENSG00000172322,-0.14493243,1.0,-0.12032739
TXK,ENSG00000074966,-0.14771944,1.0,-0.50680876
,ENSG00000286746,-0.15050393,1.0,-0.68032134
MS4A4E,ENSG00000214787,-0.15238483,1.0,-1.3184603
CD38,ENSG00000004468,-0.15287177,1.0,-0.07757134
,ENSG00000259035,-0.1572397,1.0,-0.18432295
LINC01340,ENSG00000250331,-0.15949842,1.0,-0.16335802
SLFN12L,ENSG00000205045,-0.15968089,1.0,-0.17881541
HCG22,ENSG00000228789,-0.16072941,1.0,-0.5338402
EZH2,ENSG00000106462,-0.1632534,1.0,-0.9662193
,ENSG00000287335,-0.16374998,1.0,-0.37351236
STAT4,ENSG00000138378,-0.16618401,1.0,-0.77949136
,ENSG00000287732,-0.16704568,1.0,-0.89371425
RPL10,ENSG00000147403,-0.16735011,1.0,-2.7147946
,ENSG00000249806,-0.16814879,1.0,-0.23737086
MAP2K6,ENSG00000108984,-0.16854149,1.0,-1.1905954
SPON1,ENSG00000262655,-0.16961613,1.0,-0.84328467
SDC2,ENSG00000169439,-0.17033003,1.0,-0.5010205
GPR174,ENSG00000147138,-0.1706618,1.0,-0.07457548
FAM111B,ENSG00000189057,-0.1809902,1.0,-0.094269246
,ENSG00000232072,-0.18129873,1.0,-0.03606929
TRBC1,ENSG00000211751,-0.18270953,1.0,-0.019109061
TRBV28,ENSG00000211753,-0.18444566,1.0,-0.005535732
UBASH3A,ENSG00000160185,-0.1851527,1.0,-0.04251089
DGKK,ENSG00000274588,-0.1860715,1.0,-0.026691888
,ENSG00000236525,-0.18787529,1.0,-0.0006104505
KLRD1,ENSG00000134539,-0.18841422,1.0,-0.5658533
VCAN,ENSG00000038427,-0.18855284,1.0,-0.40520674
LINC02932,ENSG00000243144,-0.18868534,1.0,-0.2428649
TC2N,ENSG00000165929,-0.18980093,1.0,-0.25931644
NR5A1,ENSG00000136931,-0.1903535,1.0,0.0047414107
SLAMF6,ENSG00000162739,-0.19058107,1.0,-0.18624625
,ENSG00000253980,-0.19108708,1.0,-0.073165804
LDLRAD3,ENSG00000179241,-0.19433306,1.0,-1.0381765
MS4A1,ENSG00000156738,-0.19513592,1.0,-0.0057428926
TRPA1,ENSG00000104321,-0.19600207,1.0,-0.026489628
,ENSG00000257989,-0.19683313,1.0,-0.00019858028
BANK1,ENSG00000153064,-0.19686502,1.0,-0.46567813
,ENSG00000232408,-0.19729917,1.0,-0.010272239
DIAPH3,ENSG00000139734,-0.19814697,1.0,-0.19779576
HTR7,ENSG00000148680,-0.19940081,1.0,-0.5763388
DELEC1,ENSG00000173077,-0.19983307,1.0,-0.9990476
CR1,ENSG00000203710,-0.2008263,1.0,-0.32701024
,ENSG00000249001,-0.200945,1.0,-0.1750718
CSF1,ENSG00000184371,-0.20641159,1.0,-0.055416156
BFSP2,ENSG00000170819,-0.20718177,1.0,-0.031196717
TOP2A,ENSG00000131747,-0.2091225,1.0,-0.08928758
LINC02446,ENSG00000256039,-0.2100165,1.0,-0.016244357
BUB1B,ENSG00000156970,-0.21180551,1.0,-0.18205276
BRIP1,ENSG00000136492,-0.2129182,1.0,-0.4666416
NR4A3,ENSG00000119508,-0.21506669,1.0,-0.20521556
LINC01605,ENSG00000253161,-0.21509686,1.0,-1.2524544
AGA-DT,ENSG00000250131,-0.21578541,1.0,-1.7240471
GADD45B,ENSG00000099860,-0.21585937,1.0,-0.7494444
TMCO5A,ENSG00000166069,-0.21875526,1.0,-0.000406967
IFNG-AS1,ENSG00000255733,-0.21879612,1.0,-0.283428
H2AC19,ENSG00000288859,-0.22200204,1.0,-1.252425
LINC02506,ENSG00000251129,-0.22253242,1.0,-0.19712648
IL1R2,ENSG00000115590,-0.22367957,1.0,-0.0842152
SAMD3,ENSG00000164483,-0.22653322,1.0,-0.3189273
,ENSG00000264630,-0.2278254,1.0,-1.504286
CD200R1,ENSG00000163606,-0.2301521,1.0,-0.16357377
ITGA1,ENSG00000213949,-0.23123665,1.0,-0.21228477
CCDC141,ENSG00000163492,-0.2323771,1.0,-0.13887872
FCN1,ENSG00000085265,-0.234308,1.0,-0.09909156
CRISP1,ENSG00000124812,-0.23793916,1.0,-0.0051361197
LINC02044,ENSG00000243795,-0.23848012,1.0,-0.0051361197
,ENSG00000249114,-0.24016492,1.0,-0.010269788
IKZF3,ENSG00000161405,-0.24053547,1.0,-0.39529
TRBC2,ENSG00000211772,-0.24158168,1.0,-0.08992867
,ENSG00000242880,-0.24266267,1.0,-0.8050506
DTL,ENSG00000143476,-0.24298103,1.0,-0.19963448
ICOS,ENSG00000163600,-0.24345519,1.0,-0.08191314
,ENSG00000227330,-0.24880396,1.0,-0.041088957
,ENSG00000241490,-0.25221714,1.0,-0.0417656
MELK,ENSG00000165304,-0.25330123,1.0,-0.29741687
SOCS1,ENSG00000185338,-0.25536773,1.0,-0.14554709
,ENSG00000257155,-0.2569267,1.0,-0.0051361197
SCML4,ENSG00000146285,-0.25703296,1.0,-0.31777012
UROC1,ENSG00000159650,-0.25849771,1.0,-0.015410811
VCAN-AS1,ENSG00000249835,-0.2592867,1.0,-0.06785929
MDFIC,ENSG00000135272,-0.2611642,1.0,-0.6181669
MBNL1-AS1,ENSG00000229619,-0.26132208,1.0,-0.16611363
TP63,ENSG00000073282,-0.2626186,1.0,-0.16344506
OTP,ENSG00000171540,-0.26599312,1.0,-0.0051385714
BIRC3,ENSG00000023445,-0.26657906,1.0,-0.23438603
IL2RB,ENSG00000100385,-0.26666147,1.0,-0.10373981
NRXN1-DT,ENSG00000231918,-0.26701432,1.0,-0.6242408
LOC105372041,ENSG00000263611,-0.26905707,1.0,-0.015608165
POLQ,ENSG00000051341,-0.2727994,1.0,-0.46152264
JAML,ENSG00000160593,-0.2751947,1.0,-0.24122478
,ENSG00000231079,-0.27813685,1.0,-0.7904329
,ENSG00000256717,-0.2860089,1.0,-0.5086058
RND3,ENSG00000115963,-0.28920966,1.0,-0.29587358
,ENSG00000248752,-0.29593223,1.0,-0.38933748
NLRC3,ENSG00000167984,-0.29665396,1.0,-0.27980697
ACSM2B,ENSG00000066813,-0.30269095,1.0,0.0047414107
,ENSG00000258010,-0.30453297,1.0,-0.015208553
LINC02281,ENSG00000257748,-0.30495483,1.0,-0.04667127
IL18RAP,ENSG00000115607,-0.3050935,1.0,-0.1137105
CXCL8,ENSG00000169429,-0.30666274,1.0,-0.060929824
LINC00426,ENSG00000238121,-0.30737105,1.0,-0.1696415
,ENSG00000251363,-0.3109015,1.0,-0.2100011
LINC02694,ENSG00000175779,-0.31173956,1.0,-0.23465203
LCK,ENSG00000182866,-0.31321904,1.0,-0.1822636
KRT72,ENSG00000170486,-0.31399226,1.0,-0.00020103189
DEPDC1-AS1,ENSG00000234264,-0.3141949,1.0,-0.010478174
CCL5,ENSG00000271503,-0.3152174,1.0,-0.28417084
UQCRB-AS1,ENSG00000254224,-0.31646508,1.0,-0.015213456
LINC03040,ENSG00000181577,-0.32077923,1.0,-0.0051385714
CHODL,ENSG00000154645,-0.32416898,1.0,-0.33206546
ATF3,ENSG00000162772,-0.32631105,1.0,-0.5473081
CSNK1A1L,ENSG00000180138,-0.32808065,1.0,-0.0051385714
,ENSG00000232886,-0.32897413,1.0,-0.00020103189
CD300E,ENSG00000186407,-0.33085644,1.0,-0.15906526
LINC03063,ENSG00000236213,-0.33118477,1.0,-0.20513588
MYBL1,ENSG00000185697,-0.33213112,1.0,-0.5974055
PROK2,ENSG00000163421,-0.3323462,1.0,-0.035740774
LOC102467226,ENSG00000229855,-0.3343301,1.0,-0.36181328
LINC03057,ENSG00000272763,-0.33575827,1.0,-0.010272239
LINC01239,ENSG00000234840,-0.337695,1.0,-0.13794833
LINC01163,ENSG00000280953,-0.3381388,1.0,-0.061405435
LINC00944,ENSG00000256128,-0.33862746,1.0,-0.14352205
PTGER2,ENSG00000125384,-0.34653726,1.0,-0.13317873
MGC4859,ENSG00000283117,-0.3495502,1.0,-0.20936
,ENSG00000226996,-0.35687947,1.0,-0.015213456
TNIP3,ENSG00000050730,-0.35943726,1.0,-0.13905768
,ENSG00000271893,-0.3615423,1.0,-0.11285979
ZAP70,ENSG00000115085,-0.36692277,1.0,-0.24498187
HBD,ENSG00000223609,-0.36780435,1.0,0.0047414107
PRF1,ENSG00000180644,-0.36996892,1.0,-0.29002526
,ENSG00000268818,-0.371852,1.0,-0.005141023
,ENSG00000227757,-0.37275407,1.0,-0.27063304
,ENSG00000253561,-0.3730628,1.0,-0.005141023
TRGC2,ENSG00000227191,-0.37557748,1.0,-0.15853204
BFSP2-AS1,ENSG00000249993,-0.3809157,1.0,-0.09624034
CRYBA4,ENSG00000196431,-0.3826792,1.0,-0.010274691
FLT3,ENSG00000122025,-0.38275832,1.0,-0.54740006
PTGDR,ENSG00000168229,-0.38346115,1.0,-0.24980909
RARRES2,ENSG00000106538,-0.38706473,1.0,-0.101192586
,ENSG00000278052,-0.38779777,1.0,-0.020355705
CD6,ENSG00000013725,-0.39336416,1.0,-0.40700623
LINC01871,ENSG00000235576,-0.3953021,1.0,-0.14398296
CD8B,ENSG00000172116,-0.40384254,1.0,-0.11836733
CRIP1,ENSG00000213145,-0.40418896,1.0,-0.13327189
NKG7,ENSG00000105374,-0.405995,1.0,-0.30973497
KLHL34,ENSG00000185915,-0.40626198,1.0,-0.07154529
PDE6H,ENSG00000139053,-0.41546607,1.0,-0.035350967
CD70,ENSG00000125726,-0.41904968,1.0,-0.12289668
,ENSG00000285744,-0.42175096,1.0,-0.26110733
FUT5,ENSG00000130383,-0.42694587,1.0,-0.0051385714
SH2D2A,ENSG00000027869,-0.43321145,1.0,-0.17849302
,ENSG00000235168,-0.43492773,1.0,-0.0051385714
FCRL3,ENSG00000160856,-0.43650693,1.0,-0.07622541
HES1,ENSG00000114315,-0.43794498,1.0,-0.19713138
SLAMF1,ENSG00000117090,-0.44094226,1.0,-0.1634046
CD2,ENSG00000116824,-0.441522,1.0,-0.31047416
LOC107985206,ENSG00000286391,-0.4473357,1.0,-0.020355705
FFAR3,ENSG00000185897,-0.44843665,1.0,-0.010279594
CD52,ENSG00000169442,-0.45076415,1.0,-0.13280118
,ENSG00000257500,-0.45372725,1.0,-0.00020103189
LINC01555,ENSG00000180869,-0.45524788,1.0,-0.010081014
SKAP1-AS2,ENSG00000235300,-0.46731213,1.0,-0.030892719
GNGT1,ENSG00000127928,-0.46837905,1.0,-0.13288207
,ENSG00000258115,-0.47021374,1.0,-0.010081014
CD3E,ENSG00000198851,-0.47783804,1.0,-0.20062983
,ENSG00000262094,-0.48293608,1.0,-0.005141023
,ENSG00000255839,-0.48863786,1.0,-0.005141023
TIGIT,ENSG00000181847,-0.49080953,1.0,-0.1623921
HPGD,ENSG00000164120,-0.4926401,1.0,-0.111920826
MANSC4,ENSG00000205693,-0.49663284,1.0,-0.07046903
UGT3A2,ENSG00000168671,-0.5044334,1.0,-0.01544023
RHEX,ENSG00000263961,-0.511597,1.0,-0.21817599
,ENSG00000274251,-0.5139116,1.0,-0.010081014
,ENSG00000267670,-0.5171117,1.0,-0.010081014
GPC6-AS1,ENSG00000236520,-0.52458537,1.0,-0.020367963
,ENSG00000229673,-0.54132503,1.0,-0.030228332
CD3G,ENSG00000160654,-0.5413884,1.0,-0.20329963
,ENSG00000250905,-0.5484059,1.0,-0.0051434743
HBM,ENSG00000206177,-0.55616194,1.0,-0.0055749575
,ENSG00000259002,-0.55948186,1.0,-0.010081014
SAGE1,ENSG00000181433,-0.5602461,1.0,-0.16252203
LHX2-AS1,ENSG00000236668,-0.56574434,1.0,-0.0957586
TRGC1,ENSG00000211689,-0.5686208,1.0,-0.15148489
KLRC1,ENSG00000134545,-0.57250863,1.0,-0.14685257
CXCR6,ENSG00000172215,-0.5728338,1.0,-0.16244602
LOC105373525,ENSG00000236109,-0.57766503,1.0,-0.020157125
TFPI,ENSG00000003436,-0.5822091,1.0,-0.12711589
GZMK,ENSG00000113088,-0.585189,1.0,-0.101150915
LY9,ENSG00000122224,-0.5883081,1.0,-0.28332013
OR8D1,ENSG00000196341,-0.59545404,1.0,-0.010083466
,ENSG00000285831,-0.5958389,1.0,-0.015225714
MIR205HG,ENSG00000230937,-0.5975991,1.0,-0.025305502
OR51E2,ENSG00000167332,-0.5999594,1.0,-0.010078562
,ENSG00000287230,-0.6037269,1.0,-0.015225714
ACTC1,ENSG00000159251,-0.60416377,1.0,-0.0051434743
TMA7B,ENSG00000225528,-0.6069849,1.0,-0.035377935
KLRC2,ENSG00000205809,-0.611636,1.0,-0.16637963
LINC01276,ENSG00000226917,-0.61444867,1.0,-0.020372866
HBB,ENSG00000244734,-0.6190924,1.0,-0.24822658
LINC02264,ENSG00000229565,-0.62701654,1.0,-0.020162027
,ENSG00000238242,-0.6316121,1.0,-0.020380221
DKK1,ENSG00000107984,-0.6332169,1.0,-0.040539797
FAM237A,ENSG00000235118,-0.63582027,1.0,-0.020157125
GDF6,ENSG00000156466,-0.6375666,1.0,-0.035387743
CRH,ENSG00000147571,-0.6477572,1.0,-0.12601267
LOC124904530,ENSG00000287259,-0.6500567,1.0,-0.025305502
,ENSG00000286435,-0.6511997,1.0,-0.010081014
IGHM,ENSG00000211899,-0.65417296,1.0,-0.04029954
,ENSG00000273552,-0.6606648,1.0,-0.02037777
CXCL3,ENSG00000163734,-0.6665785,1.0,-0.040108316
KLRC4,ENSG00000183542,-0.67160994,1.0,-0.17186265
LOC101928417,ENSG00000260832,-0.6742047,1.0,-0.17148755
,ENSG00000251026,-0.68041855,1.0,-0.17710297
,ENSG00000260633,-0.68445665,1.0,-0.0051434743
,ENSG00000253778,-0.6851262,1.0,-0.0152306175
CDH16,ENSG00000166589,-0.6896855,1.0,-0.010083466
,ENSG00000260992,-0.6955834,1.0,-0.06563691
LINC02002,ENSG00000263609,-0.70107985,1.0,-0.010083466
LINC02195,ENSG00000236481,-0.70144427,1.0,-0.010081014
BLK,ENSG00000136573,-0.70652914,1.0,-0.14100917
CD3D,ENSG00000167286,-0.7259764,1.0,-0.16203906
,ENSG00000258793,-0.7299922,1.0,-0.015023457
SOX18,ENSG00000203883,-0.73037076,1.0,-0.03024059
,ENSG00000288064,-0.7325993,1.0,-0.16611731
,ENSG00000228420,-0.7353224,1.0,-0.10081259
,ENSG00000237402,-0.73652947,1.0,-0.010081014
,ENSG00000285595,-0.73754984,1.0,-0.010291852
CASC9,ENSG00000249395,-0.75296897,1.0,-0.1713944
RHOXF2,ENSG00000131721,-0.7562726,1.0,-0.010083466
,ENSG00000271148,-0.75824213,1.0,-0.010083466
,ENSG00000265697,-0.7649556,1.0,-0.010081014
CCR7,ENSG00000126353,-0.77926433,1.0,-0.050414875
UGT2B4,ENSG00000156096,-0.7803592,1.0,-0.020162027
LINC01583,ENSG00000259518,-0.788127,1.0,-0.010083466
,ENSG00000261334,-0.79111814,1.0,-0.010083466
XCL2,ENSG00000143185,-0.7916718,1.0,-0.015237972
LOC101928499,ENSG00000259203,-0.7919895,1.0,-0.0051434743
,ENSG00000261572,-0.7944392,1.0,-0.010083466
,ENSG00000259985,-0.79748505,1.0,-0.040351022
LOC375196,ENSG00000269210,-0.7994537,1.0,-0.085584424
LOC105370993,ENSG00000258489,-0.8061712,1.0,-0.010083466
,ENSG00000250348,-0.80696213,1.0,-0.040333863
,ENSG00000253811,-0.8122146,1.0,-0.015023457
,ENSG00000259862,-0.81726235,1.0,-0.015023457
,ENSG00000273796,-0.82078373,1.0,-0.0051434743
,ENSG00000149443,-0.82611656,1.0,-0.03518303
,ENSG00000224192,-0.8305618,1.0,-0.100640975
LINC00492,ENSG00000250958,-0.8321041,1.0,-0.015233069
RIMBP3,ENSG00000275793,-0.83676475,1.0,-0.010083466
ETNK1-DT,ENSG00000257023,-0.83760977,1.0,-0.05043939
,ENSG00000282390,-0.83914113,1.0,-0.0051434743
,ENSG00000235495,-0.843324,1.0,-0.060265437
,ENSG00000261889,-0.84514266,1.0,-0.1256768
EGFR-AS1,ENSG00000224057,-0.848932,1.0,-0.010085917
TMEM171,ENSG00000157111,-0.849064,1.0,-0.050213844
LOC105372424,ENSG00000269729,-0.8541736,1.0,-0.05562332
LINC00210,ENSG00000231814,-0.86097497,1.0,-0.020171834
,ENSG00000260711,-0.86674166,1.0,-0.18108806
,ENSG00000259555,-0.8718105,1.0,-0.025105696
,ENSG00000287233,-0.88702446,1.0,-0.015023457
LINC01812,ENSG00000237013,-0.8871239,1.0,-0.025105696
,ENSG00000229740,-0.88969845,1.0,-0.040123023
,ENSG00000287112,-0.891062,1.0,-0.010085917
EXOC1L,ENSG00000250821,-0.89555126,1.0,-0.010085917
,ENSG00000249332,-0.8976862,1.0,-0.29638475
,ENSG00000287771,-0.9139545,1.0,-0.065471426
KIR3DL1,ENSG00000167633,-0.91572034,1.0,-0.0602875
TMEM200A,ENSG00000164484,-0.91856456,1.0,-0.45251542
,ENSG00000254878,-0.9203592,1.0,-0.010083466
,ENSG00000235518,-0.92227155,1.0,-0.020169383
FASLG,ENSG00000117560,-0.92981607,1.0,-0.13555923
,ENSG00000274654,-0.9335913,1.0,-0.015023457
,ENSG00000225730,-0.9340074,1.0,-0.015023457
,ENSG00000228048,-0.9346999,1.0,-0.010083466
XKR5,ENSG00000275591,-0.9364931,1.0,-0.010085917
CRYGB,ENSG00000182187,-0.9380495,1.0,-0.04012057
HSD3B1,ENSG00000203857,-0.952112,1.0,-0.020174285
H1-8,ENSG00000178804,-0.9544878,1.0,-0.020169383
SPMIP5,ENSG00000165863,-0.95650655,1.0,-0.05514035
,ENSG00000254971,-0.96077603,1.0,-0.025105696
,ENSG00000258497,-0.96635765,1.0,-0.015023457
TCL1B,ENSG00000213231,-0.96698076,1.0,-0.045282435
SALRNA2,ENSG00000280515,-0.97800934,1.0,-0.010083466
PDCD1,ENSG00000188389,-0.98375356,1.0,-0.19109797
,ENSG00000236437,-0.9844032,1.0,-0.015023457
IFNG,ENSG00000111537,-0.9879109,1.0,-0.035200194
,ENSG00000259676,-0.99966246,1.0,-0.025103245
TCL1A,ENSG00000100721,-1.0023122,1.0,-0.010085917
LINC01753,ENSG00000230250,-1.0252199,1.0,-0.010083466
,ENSG00000287331,-1.0255358,1.0,-0.015023457
,ENSG00000232849,-1.0505453,1.0,-0.015023457
,ENSG00000250538,-1.0811582,1.0,-0.03004201
,ENSG00000267311,-1.098669,1.0,-0.015023457
,ENSG00000260973,-1.1056515,1.0,-0.015025908
,ENSG00000263863,-1.1170229,1.0,-0.015023457
,ENSG00000270996,-1.118181,1.0,-0.025110599
,ENSG00000269068,-1.124526,1.0,-0.025110599
,ENSG00000250945,-1.1303543,1.0,-0.025108147
STOML3,ENSG00000133115,-1.136755,1.0,-0.045067918
,ENSG00000267642,-1.1485388,1.0,-0.06008647
,ENSG00000248050,-1.1486192,1.0,-0.010085917
,ENSG00000267815,-1.1724328,1.0,-0.010085917
,ENSG00000285649,-1.1771815,1.0,-0.03004446
LOC102724434,ENSG00000237870,-1.182208,1.0,-0.015025908
LINC02612,ENSG00000224048,-1.1874052,1.0,-0.015025908
LOC105371773,ENSG00000266088,-1.1924934,1.0,-0.035219807
,ENSG00000287894,-1.1982293,1.0,-0.040135283
TTTY13,ENSG00000184991,-1.2024275,1.0,-0.015025908
OR2T10,ENSG00000184022,-1.2070763,1.0,-0.015023457
LOC105375976,ENSG00000224935,-1.2094814,1.0,-0.050003007
,ENSG00000249290,-1.2165211,1.0,-0.030051816
NTMT2,ENSG00000203740,-1.2186172,1.0,-0.030046914
,ENSG00000231914,-1.2201933,1.0,-0.015025908
LINC00547,ENSG00000275226,-1.2274121,1.0,-0.015025908
,ENSG00000288070,-1.236444,1.0,-0.015025908
LOC102724700,ENSG00000249818,-1.2574741,1.0,-0.015025908
,ENSG00000286321,-1.2665721,1.0,-0.32551354
,ENSG00000265678,-1.271072,1.0,-0.015025908
HTR1B,ENSG00000135312,-1.2845464,1.0,-0.025110599
CCDC87,ENSG00000182791,-1.2854105,1.0,-0.03498813
,ENSG00000254639,-1.2856519,1.0,-0.015025908
ZNF683,ENSG00000176083,-1.3001325,1.0,-0.14535218
KRTAP20-3,ENSG00000206104,-1.3170753,1.0,-0.015025908
IGHG3,ENSG00000211897,-1.3418294,1.0,-0.030054267
LOC105373508,ENSG00000286737,-1.3691254,1.0,-0.030051816
GJA5,ENSG00000265107,-1.3735083,1.0,-0.030051816
,ENSG00000278177,-1.401445,1.0,-0.015025908
KIR2DL3,ENSG00000243772,-1.4079239,1.0,-0.075139344
COX6A2,ENSG00000156885,-1.4165492,1.0,-0.030054267
SERPINB10,ENSG00000242550,-1.4188423,1.0,-0.015025908
,ENSG00000227292,-1.4390712,1.0,-0.034990583
TMPRSS3,ENSG00000160183,-1.4405832,1.0,-0.14017807
GABRA6-AS1,ENSG00000253403,-1.441395,1.0,-0.015025908
UICLM,ENSG00000233392,-1.4435785,1.0,-0.09018732
,ENSG00000268157,-1.4466681,1.0,-0.015028359
,ENSG00000276223,-1.4574097,1.0,-0.015028359
MSMB,ENSG00000263639,-1.4696718,1.0,-0.015025908
,ENSG00000255516,-1.4724653,1.0,-0.060118344
LOC105370654,ENSG00000259097,-1.4877098,1.0,-0.110136054
,ENSG00000271564,-1.5150977,1.0,-0.015028359
,ENSG00000260070,-1.5221392,1.0,-0.19513945
HCG14,ENSG00000224157,-1.5359385,1.0,-0.015028359
PLA2G2D,ENSG00000117215,-1.5408229,1.0,-0.045092434
LOC105373175,ENSG00000224610,-1.5412599,1.0,-0.050017715
LOC101928253,ENSG00000225102,-1.5435176,1.0,-0.030056719
,ENSG00000251276,-1.5465317,1.0,-0.015028359
,ENSG00000263065,-1.5488698,1.0,-0.015028359
LOC124901037,ENSG00000248203,-1.5674424,1.0,-0.015028359
IL26,ENSG00000111536,-1.569091,1.0,-0.15495636
RBBP8NL,ENSG00000130701,-1.5727811,1.0,-0.015028359
,ENSG00000235010,-1.5802107,1.0,-0.030056719
,ENSG00000224612,-1.6281617,1.0,-0.015028359
MOGAT2,ENSG00000166391,-1.6310836,1.0,-0.015028359
AGTR1,ENSG00000144891,-1.6339293,1.0,-0.030056719
ARMH2,ENSG00000260286,-1.6345589,1.0,-0.050027523
NKX1-2,ENSG00000229544,-1.6404767,1.0,-0.030056719
TRBV23-1,ENSG00000211749,-1.6466037,1.0,-0.019968351
,ENSG00000259198,-1.6478742,1.0,-0.034993034
,ENSG00000273264,-1.6581165,1.0,-0.019968351
,ENSG00000267746,-1.6752086,1.0,-0.019968351
,ENSG00000260137,-1.6813895,1.0,-0.015028359
,ENSG00000287428,-1.6816131,1.0,-0.015028359
GOLGA6L6,ENSG00000277322,-1.6849685,1.0,-0.034993034
,ENSG00000227217,-1.6858408,1.0,-0.050029974
,ENSG00000183674,-1.6919574,1.0,-0.050029974
,ENSG00000287059,-1.6974111,1.0,-0.015028359
TRIM77,ENSG00000214414,-1.7028699,1.0,-0.015028359
,ENSG00000286378,-1.7070589,1.0,-0.054957706
COL1A2-AS1,ENSG00000285090,-1.7105883,1.0,-0.23517421
,ENSG00000275898,-1.7160283,1.0,-0.104974195
INSL5,ENSG00000172410,-1.718198,1.0,-0.06998852
,ENSG00000233754,-1.7268443,1.0,-0.019968351
,ENSG00000241101,-1.7341025,1.0,-0.015028359
TRAJ14,ENSG00000211875,-1.7667787,1.0,-0.034995485
LOC105375638,ENSG00000253682,-1.7728454,1.0,-0.034993034
,ENSG00000232959,-1.7871865,1.0,-0.015028359
LOC124908064,ENSG00000228973,-1.7982008,1.0,-0.015028359
,ENSG00000272139,-1.8057388,1.0,-0.034995485
,ENSG00000226455,-1.8142706,1.0,-0.015028359
INTS6L-AS1,ENSG00000225235,-1.8208985,1.0,-0.05496506
,ENSG00000227705,-1.8255541,1.0,-0.034995485
,ENSG00000236837,-1.8293364,1.0,-0.019968351
,ENSG00000234169,-1.832859,1.0,-0.06999342
RAET1G,ENSG00000203722,-1.8372699,1.0,-0.015028359
BTBD17,ENSG00000204347,-1.8409437,1.0,-0.10500607
RAET1E-AS1,ENSG00000223701,-1.8635204,1.0,-0.019968351
OR10A3,ENSG00000170683,-1.868646,1.0,-0.019968351
LINC00229,ENSG00000234300,-1.8707588,1.0,-0.019968351
,ENSG00000233651,-1.8708093,1.0,-0.05496506
,ENSG00000267886,-1.8782389,1.0,-0.019968351
FOXL3-OT1,ENSG00000248767,-1.885265,1.0,-0.015028359
,ENSG00000286663,-1.9172379,1.0,-0.019968351
,ENSG00000274624,-1.9349973,1.0,-0.035000388
,ENSG00000287174,-1.9350435,1.0,-0.015028359
,ENSG00000285811,-1.951286,1.0,-0.035000388
,ENSG00000238232,-1.9535578,1.0,-0.015028359
AKR1B10,ENSG00000198074,-1.9582446,1.0,-0.019968351
,ENSG00000225870,-1.9613953,1.0,-0.015028359
,ENSG00000259828,-1.9652584,1.0,-0.019968351
,ENSG00000237460,-1.9779305,1.0,-0.12989847
,ENSG00000268296,-1.9789238,1.0,-0.019968351
GALNT13-AS1,ENSG00000224675,-2.0497508,1.0,-0.114866436
,ENSG00000248912,-2.053375,1.0,-0.03993425
,ENSG00000239991,-2.0585268,1.0,-0.019968351
IGFBP1,ENSG00000146678,-2.0610266,1.0,-0.019968351
,ENSG00000229393,-2.0694969,1.0,-0.019968351
TLX2,ENSG00000115297,-2.0742574,1.0,-0.03500284
,ENSG00000264023,-2.0759132,1.0,-0.019968351
XAGE3,ENSG00000171402,-2.0843863,1.0,-0.019968351
LGALS16,ENSG00000249861,-2.0849788,1.0,-0.039939154
,ENSG00000233975,-2.1136153,1.0,-0.019968351
,ENSG00000271849,-2.1470559,1.0,-0.05497487
,ENSG00000237786,-2.185619,1.0,-0.019968351
IL2,ENSG00000109471,-2.1947742,1.0,-0.019968351
CFAP95-DT,ENSG00000225626,-2.2403119,1.0,-0.039936703
,ENSG00000256083,-2.2455742,1.0,-0.019968351
HBE1,ENSG00000213931,-2.2464402,1.0,-0.019968351
DEFB107A,ENSG00000186572,-2.2593436,1.0,-0.019968351
TRBJ2-2,ENSG00000211765,-2.269975,1.0,-0.019968351
PARM1-AS1,ENSG00000249717,-2.2710605,1.0,-0.059907503
CCDC179,ENSG00000255359,-2.2898731,1.0,-0.17481439
NDFIP2-AS1,ENSG00000232132,-2.2963724,1.0,-0.019968351
MYMX,ENSG00000262179,-2.2968645,1.0,-0.019968351
LOC124903074,ENSG00000257787,-2.3238351,1.0,-0.019968351
LINC02312,ENSG00000258869,-2.3268383,1.0,-0.07988076
TRBJ2-3,ENSG00000211767,-2.358191,1.0,-0.019970803
,ENSG00000273342,-2.3743167,1.0,-0.019970803
LINC02291,ENSG00000197176,-2.38737,1.0,-0.019970803
,ENSG00000274331,-2.3966582,1.0,-0.019970803
,ENSG00000276473,-2.4014335,1.0,-0.039939154
HMGCS2,ENSG00000134240,-2.40504,1.0,-0.019970803
,ENSG00000287930,-2.4102588,1.0,-0.019970803
,ENSG00000235070,-2.4140933,1.0,-0.019970803
,ENSG00000224301,-2.4189556,1.0,-0.019970803
NCCRP1,ENSG00000188505,-2.4225793,1.0,-0.039939154
,ENSG00000235461,-2.428047,1.0,-0.019970803
,ENSG00000282906,-2.4285817,1.0,-0.019970803
GATA5,ENSG00000130700,-2.4338326,1.0,-0.019970803
,ENSG00000261382,-2.4383438,1.0,-0.019970803
IRX3,ENSG00000177508,-2.4503906,1.0,-0.019970803
RCC2-AS1,ENSG00000227751,-2.475308,1.0,-0.019970803
,ENSG00000256034,-2.4856098,1.0,-0.019970803
LOC124901457,ENSG00000286498,-2.4915204,1.0,-0.019970803
IFNB1,ENSG00000171855,-2.4963408,1.0,-0.019970803
LYPD2,ENSG00000197353,-2.5013218,1.0,-0.039939154
,ENSG00000244125,-2.5132847,1.0,-0.019970803
,ENSG00000253259,-2.514389,1.0,-0.08481462
GATA2,ENSG00000179348,-2.5190334,1.0,-0.084812164
,ENSG00000267505,-2.5290372,1.0,-0.019970803
,ENSG00000259383,-2.530207,1.0,-0.019970803
,ENSG00000226854,-2.6020472,1.0,-0.06484749
LOC124904027,ENSG00000284650,-2.6507201,1.0,-0.019970803
POTEB3,ENSG00000278522,-2.6663895,1.0,-0.019970803
,ENSG00000229297,-2.6663935,1.0,-0.019970803
,ENSG00000287349,-2.6683578,1.0,-0.019970803
,ENSG00000254111,-2.6687195,1.0,-0.019970803
,ENSG00000285711,-2.696679,1.0,-0.039944056
,ENSG00000271367,-2.703095,1.0,-0.019970803
,ENSG00000231510,-2.7168534,1.0,-0.019970803
,ENSG00000239739,-2.7274115,1.0,-0.04488037
,ENSG00000258842,-2.8226008,1.0,-0.06484994
FOXL2NB,ENSG00000206262,-2.8323202,1.0,-0.039944056
,ENSG00000260176,-2.909322,1.0,-0.019970803
,ENSG00000287886,-2.9159076,1.0,-0.019970803
,ENSG00000259656,-2.9547694,1.0,-0.019970803
,ENSG00000286440,-2.997815,1.0,-0.04488037
,ENSG00000236641,-3.0199366,1.0,-0.06485485
PGLYRP3,ENSG00000159527,-3.0764837,1.0,-0.04488037
SPATA31F1,ENSG00000205108,-3.1498241,1.0,-0.019970803
,ENSG00000248408,-3.1736538,1.0,-0.044882823
,ENSG00000278890,-3.222743,1.0,-0.044882823
,ENSG00000259396,-3.2318327,1.0,-0.064857304
,ENSG00000287120,-3.2379186,1.0,-0.044882823
,ENSG00000228596,-3.2564988,1.0,-0.06979239
GS1-600G8.3,ENSG00000231216,-3.3450716,1.0,-0.044882823
SOX3,ENSG00000134595,-3.3541722,1.0,-0.044882823
,ENSG00000259283,-3.3649385,1.0,-0.044882823
LINC02266,ENSG00000272727,-3.3772597,1.0,-0.044882823
,ENSG00000242136,-3.4016244,1.0,-0.044885274
BTG4,ENSG00000137707,-3.4473069,1.0,-0.0897681
LINC01394,ENSG00000281809,-3.5060117,1.0,-0.11467399
LYPD4,ENSG00000273111,-3.5554225,1.0,-0.044882823
,ENSG00000264066,-3.6619499,1.0,-0.044885274
,ENSG00000230483,-3.6745794,1.0,-0.044885274
TRBV18,ENSG00000276557,-3.6985352,1.0,-0.044885274
LOC124904553,ENSG00000233332,-19.077438,1.0,-0.024913244
,ENSG00000231892,-19.381594,1.0,-0.024913244
,ENSG00000237002,-19.396933,1.0,-0.024913244
,ENSG00000238034,-19.396965,1.0,-0.024913244
,ENSG00000270118,-19.412472,1.0,-0.024913244
LINC02862,ENSG00000237571,-19.53263,1.0,-0.024913244
CYLC2,ENSG00000155833,-19.549416,1.0,-0.024913244
TRBJ2-2P,ENSG00000211766,-19.581219,1.0,-0.024913244
,ENSG00000251687,-19.598213,1.0,-0.024913244
,ENSG00000248417,-19.617983,1.0,-0.024913244
,ENSG00000279243,-19.755478,1.0,-0.024913244
IGHE,ENSG00000211891,-19.78497,1.0,-0.024913244
,ENSG00000254578,-19.829124,1.0,-0.024913244
SYT8,ENSG00000149043,-19.846237,1.0,-0.024913244
TRAV39,ENSG00000211818,-19.85444,1.0,-0.024913244
TRAV8-6,ENSG00000211795,-19.879343,1.0,-0.024913244
TRAV8-1,ENSG00000211782,-19.879343,1.0,-0.024913244
LOC102724357,ENSG00000234519,-19.888702,1.0,-0.024913244
LOC105370728,ENSG00000286598,-19.94328,1.0,-0.024913244
OR51L1,ENSG00000176798,-19.953543,1.0,-0.024913244
SPDYE8,ENSG00000273520,-19.999195,1.0,-0.024913244
,ENSG00000275894,-20.48564,1.0,-0.049826488
XXYLT1-AS1,ENSG00000233303,-20.697767,1.0,-0.049826488
,ENSG00000271208,-20.73274,1.0,-0.049826488
TRBV14,ENSG00000275743,-20.777273,1.0,-0.049826488
