"","p_val","avg_log2FC","pct.1","pct.2","p_val_adj"
"ENSG00000125730",0,-2.27095502046708,0.228,0.836,0
"ENSG00000182601",0,-2.38845758547289,0.232,0.767,0
"ENSG00000145703",0,2.78951298677516,0.675,0.154,0
"ENSG00000118785",0,-1.99502218350442,0.277,0.793,0
"ENSG00000134215",0,5.28423840303449,0.532,0.023,0
"ENSG00000123095",0,-2.56203566850555,0.187,0.695,0
"ENSG00000250125",0,-2.51592592645319,0.148,0.639,0
"ENSG00000101463",0,-2.05631414295173,0.263,0.743,0
"ENSG00000117154",0,-1.69123892638916,0.3,0.777,0
"ENSG00000125257",0,-1.66927539722038,0.337,0.813,0
"ENSG00000042980",0,-1.56086698678653,0.408,0.883,0
"ENSG00000126217",0,-2.23865049476382,0.213,0.688,0
"ENSG00000109794",0,-2.28086154075288,0.181,0.654,0
"ENSG00000107719",0,-1.63640179804477,0.392,0.86,0
"ENSG00000231131",0,-1.54614484221099,0.302,0.764,0
"ENSG00000128573",0,-1.98557927421612,0.221,0.662,0
"ENSG00000142583",0,-1.7989021007921,0.247,0.684,0
"ENSG00000169313",0,-1.96314920091096,0.23,0.665,0
"ENSG00000184156",0,-1.47697663112231,0.484,0.903,0
"ENSG00000140575",0,1.62590563756838,0.72,0.303,0
"ENSG00000079819",0,-1.3910907848675,0.541,0.954,0
"ENSG00000145685",0,-1.33129974446284,0.473,0.885,0
"ENSG00000087253",0,-1.43166142022123,0.404,0.804,0
"ENSG00000095585",0,-1.58442254900712,0.326,0.723,0
"ENSG00000137642",0,-1.21867797942102,0.541,0.93,0
"ENSG00000120254",0,-1.20478332229982,0.431,0.813,0
"ENSG00000026297",0,-1.42796328981318,0.525,0.905,0
"ENSG00000026508",0,4.43340304003952,0.404,0.027,0
"ENSG00000128805",0,-1.22853911415725,0.475,0.85,0
"ENSG00000074706",0,-1.28145261298893,0.428,0.796,0
"ENSG00000124942",0,3.54415114797118,0.413,0.045,0
"ENSG00000172985",0,-1.06379461410225,0.545,0.913,0
"ENSG00000135048",0,1.9185483674935,0.55,0.201,0
"ENSG00000079215",0,-0.821767185928069,0.627,0.975,0
"ENSG00000135272",0,5.47093291812953,0.356,0.012,0
"ENSG00000182578",0,-1.1310855010307,0.499,0.836,0
"ENSG00000163297",0,4.89705895727182,0.347,0.014,0
"ENSG00000054654",0,4.4960185771796,0.355,0.027,0
"ENSG00000081320",0,2.10341903162098,0.487,0.16,0
"ENSG00000273749",0,-1.17617640185019,0.52,0.846,0
"ENSG00000067798",0,-1.23322325783892,0.584,0.909,0
"ENSG00000010810",0,3.04416083444611,0.434,0.112,0
"ENSG00000115232",0,4.24596708903556,0.348,0.028,0
"ENSG00000069424",0,2.11138667759952,0.445,0.126,0
"ENSG00000104043",0,-0.924708762992986,0.579,0.895,0
"ENSG00000196782",0,-0.908579878749988,0.608,0.923,0
"ENSG00000176124",0,-1.05773796910004,0.609,0.917,0
"ENSG00000105339",0,-1.10744021688166,0.577,0.883,0
"ENSG00000196369",0,-1.11720792430429,0.52,0.825,0
"ENSG00000138639",0,-0.779584149990572,0.668,0.97,0
"ENSG00000187231",0,2.07263183449369,0.407,0.109,0
"ENSG00000158270",0,4.46047741997269,0.323,0.027,0
"ENSG00000015133",0,5.40351443819515,0.294,0.01,0
"ENSG00000111913",0,2.9930275729541,0.375,0.092,0
"ENSG00000148655",0,-0.671405993211149,0.712,0.993,0
"ENSG00000124491",0,2.42230711285184,0.422,0.143,0
"ENSG00000141293",0,6.20829706184144,0.285,0.01,0
"ENSG00000134242",0,3.37693422432595,0.314,0.041,0
"ENSG00000203710",0,5.59686021633537,0.281,0.008,0
"ENSG00000266028",0,-0.978009281741231,0.69,0.963,0
"ENSG00000128512",0,-0.905412677958912,0.721,0.993,0
"ENSG00000205045",0,7.77851350246998,0.268,0.003,0
"ENSG00000118596",0,2.49403681345969,0.348,0.083,0
"ENSG00000120594",0,-0.85992337147188,0.734,0.998,0
"ENSG00000140563",0,4.72687690661136,0.282,0.018,0
"ENSG00000138756",0,-0.861319577242376,0.667,0.93,0
"ENSG00000123146",0,3.85136437057651,0.289,0.029,0
"ENSG00000138378",0,3.26524984915125,0.315,0.058,0
"ENSG00000088827",0,3.87108810627498,0.28,0.025,0
"ENSG00000134954",0,3.43742613992827,0.322,0.067,0
"ENSG00000071205",0,3.05810059127363,0.292,0.04,0
"ENSG00000198821",0,3.66913996635999,0.285,0.044,0
"ENSG00000112297",0,3.36291829884793,0.273,0.037,0
"ENSG00000111371",0,2.80396834105018,0.303,0.071,0
"ENSG00000081189",0,-0.741597736465483,0.733,0.961,0
"ENSG00000081985",0,3.60973509643608,0.25,0.026,0
"ENSG00000127152",0,3.63988692513665,0.26,0.038,0
"ENSG00000073849",0,-0.906849015968636,0.74,0.962,0
"ENSG00000135269",0,3.08721699494836,0.254,0.035,0
"ENSG00000020633",0,3.02649740122969,0.253,0.049,0
"ENSG00000151474",0,-0.950112185155926,0.789,0.992,0
"ENSG00000068305",0,-0.74484541254115,0.801,0.978,0
"ENSG00000077420",0,-0.655465142201523,0.787,0.942,0
"ENSG00000123104",0,-0.57534284331155,0.843,0.966,0
"ENSG00000131370",5.26673978466769e-321,2.38641230448863,0.308,0.072,1.86879727779364e-316
"ENSG00000123094",3.51379487322295e-319,-1.85521460777153,0.252,0.654,1.2467998348657e-314
"ENSG00000287684",4.1397760465038e-319,-1.90898535343323,0.235,0.641,1.46891673458095e-314
"ENSG00000250722",1.16380199479672e-307,2.77757242380221,0.281,0.065,4.12951861813719e-303
"ENSG00000129667",1.34425226023755e-304,-0.933446713658233,0.583,0.854,4.76981029500091e-300
"ENSG00000145779",1.03608159948819e-301,1.42368966083475,0.633,0.288,3.67632833946394e-297
"ENSG00000152818",1.81707522393586e-300,0.827703923766766,0.879,0.654,6.4475280170916e-296
"ENSG00000287616",1.57073998297445e-292,-1.65594095253257,0.274,0.655,5.57345668158826e-288
"ENSG00000146090",6.09496696204123e-291,-2.54515947648125,0.137,0.534,2.16267712714109e-286
"ENSG00000186417",6.77623098448634e-287,-2.01445233793744,0.201,0.595,2.40441004022529e-282
"ENSG00000184640",2.44942003743348e-285,1.64240609793798,0.496,0.189,8.69127711882522e-281
"ENSG00000112799",4.0980961018061e-285,-1.32999016039104,0.372,0.725,1.45412743980386e-280
"ENSG00000184005",1.462917171086e-284,-1.13402292008982,0.472,0.784,5.19086899816446e-280
"ENSG00000148700",7.84961899619386e-278,1.79433107862677,0.431,0.15,2.78528030841947e-273
"ENSG00000182247",1.37846039722499e-276,-0.658539336764571,0.717,0.937,4.89119102747343e-272
"ENSG00000117115",1.30330699087736e-273,-2.285645169717,0.157,0.544,4.62452419573015e-269
"ENSG00000164830",1.28349510622615e-272,-0.78549185967203,0.704,0.881,4.55422568542225e-268
"ENSG00000176463",2.42782192697743e-271,2.0387350485775,0.371,0.118,8.614640543494e-267
"ENSG00000168675",4.98062968565772e-269,-0.58790978243794,0.777,0.963,1.76727683136193e-264
"ENSG00000140836",1.4595142740247e-268,-0.781941021391743,0.62,0.905,5.17879449852186e-264
"ENSG00000121895",1.99584383779568e-267,-1.94328971514435,0.197,0.576,7.08185268965041e-263
"ENSG00000171943",8.47088787593029e-267,-1.02487177433213,0.506,0.775,3.00572514501634e-262
"ENSG00000187164",1.8125061090912e-266,-0.985312984215579,0.522,0.798,6.43131542688831e-262
"ENSG00000146555",7.10620337880453e-266,-1.33171679949698,0.351,0.714,2.52149414490121e-261
"ENSG00000171914",3.73972713107137e-264,-1.63892552186241,0.263,0.629,1.32696737791806e-259
"ENSG00000019582",3.90952842065844e-259,-1.17722664158516,0.433,0.747,1.38721796950223e-254
"ENSG00000139679",1.71506458773921e-257,-0.955062722226808,0.536,0.827,6.08556367667503e-253
"ENSG00000114423",1.40344962321251e-256,1.71693274899979,0.573,0.292,4.97986029804495e-252
"ENSG00000176533",2.41885244562424e-255,-1.41357201150771,0.34,0.674,8.58281413280849e-251
"ENSG00000227082",4.48810335694224e-255,-1.29053569150931,0.362,0.715,1.59251371414382e-250
"ENSG00000236963",3.00957924612301e-254,-3.41170835930097,0.064,0.43,1.06788900390183e-249
"ENSG00000186047",2.04295187327954e-253,-2.12628632244429,0.19,0.55,7.24900613195779e-249
"ENSG00000120708",4.26360334008183e-252,2.02377385826686,0.324,0.095,1.51285437316124e-247
"ENSG00000205336",7.19342570264248e-252,-1.51800146719873,0.293,0.642,2.55244324206863e-247
"ENSG00000144711",4.976698367965e-248,1.54513100133901,0.485,0.2,1.76588188190502e-243
"ENSG00000196730",6.31919047879014e-247,1.80242426989145,0.425,0.163,2.24223835758911e-242
"ENSG00000006747",2.53243038078795e-243,-1.93885848828727,0.202,0.555,8.98582272014989e-239
"ENSG00000138185",8.65864718983839e-242,-1.16754334066989,0.395,0.724,3.07234778237035e-237
"ENSG00000182957",6.69876996678708e-239,-1.24377731066269,0.367,0.702,2.37692454731506e-234
"ENSG00000140577",2.25359817825756e-238,1.75287331611082,0.375,0.127,7.99644241591128e-234
"ENSG00000155903",1.0267267417203e-237,0.928718468422199,0.795,0.537,3.64313449764613e-233
"ENSG00000175899",1.11083014932049e-236,-1.36051215532936,0.327,0.664,3.94155861883389e-232
"ENSG00000170571",8.06728949769328e-236,1.38511336592911,0.587,0.295,2.86251633246651e-231
"ENSG00000170677",1.5038658043101e-235,-1.63805877285962,0.276,0.601,5.33616703343353e-231
"ENSG00000159842",1.67179173230675e-231,-0.596672564939734,0.762,0.919,5.93201860374403e-227
"ENSG00000131504",2.19983228702079e-230,1.5668938185506,0.479,0.204,7.80566490403587e-226
"ENSG00000134352",1.27563781645384e-227,-1.03101058670194,0.485,0.742,4.52634566412316e-223
"ENSG00000136717",1.32967404439925e-227,-1.64164149717732,0.278,0.597,4.71808241174185e-223
"ENSG00000137491",1.02259077867247e-226,-0.799696641824465,0.55,0.914,3.62845885996353e-222
"ENSG00000161791",8.35268143541575e-226,-1.18408010198674,0.395,0.697,2.96378195372857e-221
"ENSG00000139117",1.17911610681811e-225,1.49957711548243,0.474,0.203,4.1838576818227e-221
"ENSG00000253535",7.84127018683929e-225,-1.71027779897899,0.246,0.583,2.78231790039619e-220
"ENSG00000198879",1.20012034178771e-224,-0.510402678361644,0.817,0.948,4.25838700876535e-220
"ENSG00000115165",1.70099483405866e-224,1.92898233413908,0.388,0.149,6.03563996969033e-220
"ENSG00000187239",6.47998253754585e-224,0.898714957157902,0.791,0.536,2.29929220379739e-219
"ENSG00000265972",1.4831114727855e-223,1.19232163871461,0.657,0.374,5.2625244388848e-219
"ENSG00000183023",6.65924885209383e-223,-0.596273133093547,0.74,0.957,2.36290127018845e-218
"ENSG00000154237",7.23410508351724e-223,-1.05917964734598,0.455,0.737,2.56687750678442e-218
"ENSG00000132334",8.99509684623843e-223,-0.695815216567597,0.667,0.874,3.19173021395078e-218
"ENSG00000011201",1.01352593746626e-221,-1.71900430341203,0.2,0.552,3.59629408391153e-217
"ENSG00000115295",1.18223331256654e-221,1.80877879201789,0.332,0.107,4.19491846297985e-217
"ENSG00000168807",7.62404673880871e-221,1.75467221485644,0.325,0.102,2.70524050433149e-216
"ENSG00000130203",1.56020633565836e-220,-1.46535857895608,0.297,0.628,5.53608014081655e-216
"ENSG00000168329",9.09126962343124e-220,-2.05029484417646,0.161,0.505,3.22585520048211e-215
"ENSG00000147454",9.95536285258998e-218,-1.01492996305609,0.476,0.752,3.5324614009845e-213
"ENSG00000198223",6.28041636404187e-217,-1.51396321505039,0.288,0.607,2.22848013845298e-212
"ENSG00000077063",1.13361314054339e-216,-1.22214960690986,0.375,0.676,4.02239950659012e-212
"ENSG00000176438",6.52089621306356e-213,1.92774241728132,0.266,0.073,2.31380960328134e-208
"ENSG00000131773",9.26430202323532e-212,-1.25314141656029,0.387,0.671,3.28725228690459e-207
"ENSG00000251442",2.62413652222689e-211,-1.97644008999352,0.169,0.499,9.31122362181766e-207
"ENSG00000182132",1.4030060972668e-210,-2.02569314976804,0.175,0.5,4.97828653493179e-206
"ENSG00000127946",1.12594822904073e-209,1.58922391026983,0.398,0.15,3.99520210110521e-205
"ENSG00000139132",3.74874090717597e-208,-0.68974257003525,0.635,0.897,1.33016573609325e-203
"ENSG00000198648",1.20061952348212e-204,2.05633645512239,0.314,0.107,4.26015825517159e-200
"ENSG00000149256",1.72694625920621e-204,-1.45716199509462,0.288,0.597,6.1277234115414e-200
"ENSG00000047365",1.20299191362604e-202,0.969547124088508,0.722,0.463,4.26857620711928e-198
"ENSG00000141441",1.88006298985617e-202,-1.47484957753355,0.283,0.586,6.67102750690665e-198
"ENSG00000173391",2.63177100696669e-201,-2.78575617114714,0.081,0.403,9.33831306401991e-197
"ENSG00000188641",3.44644640507807e-199,0.608985467405901,0.905,0.704,1.22290257791385e-194
"ENSG00000156802",1.24528520596946e-197,2.00121586223359,0.29,0.094,4.41864549634142e-193
"ENSG00000154217",2.51917001541125e-196,1.33144866247072,0.592,0.34,8.93877096568372e-192
"ENSG00000153250",1.24740248362551e-195,0.885355584708141,0.766,0.557,4.42615823264838e-191
"ENSG00000129682",1.34968746517029e-194,2.40765507248464,0.281,0.093,4.78909603266375e-190
"ENSG00000101596",3.78598719603755e-194,0.867942197657974,0.772,0.548,1.34338183677e-189
"ENSG00000141837",1.22009460294006e-189,-1.22395884279943,0.373,0.647,4.32926167961222e-185
"ENSG00000165322",1.13630128699338e-187,-0.847573352579541,0.536,0.755,4.03193785663862e-183
"ENSG00000152315",3.55386529724394e-187,-1.4261937011814,0.246,0.568,1.26101802342107e-182
"ENSG00000153814",6.32700980281311e-187,-0.578938107775904,0.717,0.889,2.24501288833217e-182
"ENSG00000128815",1.77756870625804e-186,-0.968821089980642,0.444,0.707,6.30734704041539e-182
"ENSG00000048052",5.12154865752435e-186,-0.711035227768682,0.607,0.848,1.81727911014936e-181
"ENSG00000197520",2.84860015860038e-185,-2.47051062931588,0.119,0.419,1.01076879427617e-180
"ENSG00000071073",2.97690104570393e-184,-0.553243507137372,0.722,0.888,1.05629379804713e-179
"ENSG00000178607",4.68335649255331e-182,1.8626386887911,0.336,0.127,1.66179538425269e-177
"ENSG00000109790",6.50010167606316e-181,-1.11258896967114,0.385,0.657,2.30643107771749e-176
"ENSG00000186469",1.33655197171784e-180,1.19450331814775,0.573,0.313,4.7424873612464e-176
"ENSG00000073331",1.65673755235895e-180,-1.03177200187585,0.408,0.679,5.87860185703527e-176
"ENSG00000071246",7.81816529501573e-179,-1.7739428583655,0.198,0.492,2.77411959163043e-174
"ENSG00000106799",3.17485931046351e-178,-0.831112586607583,0.545,0.757,1.12653532913177e-173
"ENSG00000121297",9.94461247635292e-175,1.76558198039073,0.292,0.101,3.52864684498431e-170
"ENSG00000106034",9.50087832000357e-172,-1.05927640687652,0.38,0.663,3.37119665428687e-167
"ENSG00000111961",1.29106249387356e-171,1.94153555707214,0.255,0.081,4.58107704701154e-167
"ENSG00000124813",6.16331531330904e-171,-0.929055127493062,0.408,0.701,2.18692917262145e-166
"ENSG00000170542",1.53153986563601e-170,-1.23542343149445,0.341,0.607,5.43436290523624e-166
"ENSG00000285367",3.61003131527404e-169,-2.7181811323468,0.082,0.365,1.28094741159869e-164
"ENSG00000148429",4.63373513395444e-169,-1.17587542885465,0.342,0.614,1.64418823758105e-164
"ENSG00000156113",4.99474840272562e-169,-0.604690850796044,0.668,0.884,1.77228657573913e-164
"ENSG00000140678",1.31764669752933e-167,-1.59406635357437,0.199,0.497,4.67540577684333e-163
"ENSG00000100311",3.55048637915685e-167,-1.98694229539643,0.145,0.436,1.25981908191623e-162
"ENSG00000113810",9.87353755832948e-167,1.77564961061027,0.259,0.083,3.50342733182205e-162
"ENSG00000009950",3.12247862554011e-166,-2.01649427852635,0.148,0.433,1.1079490907004e-161
"ENSG00000059377",3.79560602631856e-166,-0.527377287272011,0.715,0.931,1.34679488631862e-161
"ENSG00000027697",4.74151688898596e-166,-0.901201808041121,0.493,0.71,1.68243243771889e-161
"ENSG00000055163",1.43498996937576e-165,1.73216868247216,0.317,0.121,5.09177490833602e-161
"ENSG00000106462",4.97811314401418e-165,2.04835694887393,0.263,0.09,1.76638388689055e-160
"ENSG00000198846",7.22571457143003e-165,1.93039673835857,0.345,0.146,2.56390030138052e-160
"ENSG00000173744",1.86987185443612e-163,0.97523724903422,0.683,0.49,6.6348663010957e-159
"ENSG00000198804",7.64860719100909e-163,0.840189783563151,0.769,0.58,2.71395528958576e-158
"ENSG00000065809",6.25541987566568e-161,1.6436730330807,0.318,0.121,2.21961063448245e-156
"ENSG00000163947",1.76428604940154e-160,1.63470800739811,0.37,0.163,6.26021618909149e-156
"ENSG00000116991",8.25807430928044e-159,-1.04440165414371,0.39,0.643,2.93021250716198e-154
"ENSG00000228340",1.06440383501554e-158,-1.00843346091018,0.388,0.66,3.77682412778564e-154
"ENSG00000127124",1.2867904260262e-158,-0.840227502166538,0.486,0.738,4.56591846866878e-154
"ENSG00000075391",1.29834960888337e-158,-0.886900156325242,0.459,0.719,4.60693391720086e-154
"ENSG00000257258",3.25647959131477e-158,-1.83724480401757,0.157,0.439,1.15549665338622e-153
"ENSG00000114450",4.6616023827326e-158,-1.15596904269658,0.362,0.605,1.65407637346501e-153
"ENSG00000135749",3.96541997655821e-157,-0.79232369115882,0.497,0.76,1.40704997028215e-152
"ENSG00000229751",1.57749794994357e-156,-2.48366981463084,0.089,0.362,5.59743597578479e-152
"ENSG00000131724",1.72788895804453e-156,-1.16107292925613,0.346,0.601,6.13106838982942e-152
"ENSG00000136048",4.73686521410225e-155,1.6216508818191,0.292,0.107,1.6807818839199e-150
"ENSG00000162367",6.50980012381651e-155,-2.36557397384995,0.103,0.373,2.30987237793381e-150
"ENSG00000157514",1.4377431630541e-154,1.44879855230344,0.343,0.139,5.10154406546485e-150
"ENSG00000171316",1.4551680380381e-154,-0.862745687568006,0.479,0.71,5.16337274937061e-150
"ENSG00000173369",4.87135473712431e-154,-1.00740100153912,0.397,0.661,1.72850280137382e-149
"ENSG00000151914",1.15492673352401e-153,-0.742454684219635,0.567,0.774,4.09802652856324e-149
"ENSG00000258168",3.54269998481034e-153,-2.74559857928164,0.067,0.332,1.25705623561025e-148
"ENSG00000176771",4.33374144784401e-153,-1.15334658182461,0.309,0.587,1.53774147793849e-148
"ENSG00000152128",4.53991718357546e-153,-1.40724048113189,0.254,0.524,1.61089881424808e-148
"ENSG00000071051",7.51011319647527e-152,-0.635366522716801,0.641,0.807,2.66481346550532e-147
"ENSG00000139974",1.41825452120369e-151,1.52048851028426,0.337,0.138,5.03239251758707e-147
"ENSG00000110090",1.41714295980144e-150,1.42181579241297,0.318,0.122,5.02844836426346e-146
"ENSG00000101445",2.23738579994824e-150,2.04170560104384,0.255,0.09,7.93891603395635e-146
"ENSG00000166033",8.10732385663899e-150,-1.86250258638096,0.159,0.427,2.87672172405121e-145
"ENSG00000103528",1.64668596620974e-149,-1.26223115276244,0.296,0.555,5.84293581390203e-145
"ENSG00000175471",3.36691980446241e-149,1.04723525917692,0.574,0.345,1.1946841542174e-144
"ENSG00000171587",3.83058269908358e-149,-1.01613372105529,0.456,0.659,1.35920565911583e-144
"ENSG00000150782",1.69507255513442e-146,-1.04541463990998,0.361,0.617,6.01462594738347e-142
"ENSG00000176597",3.52857805877088e-145,-1.7956485619028,0.167,0.429,1.25204535259367e-140
"ENSG00000198561",6.98475531950208e-145,-0.721586147540971,0.562,0.765,2.47840073001892e-140
"ENSG00000054282",1.04882725959697e-144,-0.563786921157113,0.666,0.85,3.72155376522794e-140
"ENSG00000215386",1.24458296023426e-144,-0.786208035968492,0.518,0.735,4.41615371779923e-140
"ENSG00000179583",1.40531507482913e-144,-1.15660389649572,0.316,0.576,4.98647948001619e-140
"ENSG00000198886",7.32316047317519e-143,0.864056080262007,0.692,0.482,2.59847703069675e-138
"ENSG00000196218",1.74450152872395e-142,-1.02529488009842,0.359,0.621,6.19001477437118e-138
"ENSG00000226688",2.05188061483443e-142,-1.00791009499089,0.394,0.64,7.28068798561701e-138
"ENSG00000077044",3.59216640784624e-142,1.12090578327235,0.492,0.258,1.27460840649608e-137
"ENSG00000198786",1.51542788175409e-139,1.14190023128464,0.482,0.257,5.37719275282805e-135
"ENSG00000119535",1.89162597487421e-139,-1.01726558423869,0.358,0.612,6.71205644664615e-135
"ENSG00000213047",1.42976862165653e-138,1.1704526792167,0.461,0.237,5.07324800022387e-134
"ENSG00000055208",3.74949245970086e-138,-0.575779200190908,0.655,0.807,1.33043240947566e-133
"ENSG00000071054",3.99140840118832e-138,-0.542134482500128,0.688,0.835,1.41627144299365e-133
"ENSG00000156299",5.08364301814167e-138,-0.925538243507544,0.415,0.656,1.80382905212721e-133
"ENSG00000121933",1.33756589962905e-137,-1.78929977842468,0.162,0.416,4.74608508165377e-133
"ENSG00000274441",5.31868301386146e-136,-1.68822197330243,0.195,0.445,1.88722829380846e-131
"ENSG00000198712",8.839132145307e-136,0.762390495386701,0.756,0.578,3.13638925911928e-131
"ENSG00000168234",1.20258155594138e-135,1.55580836958152,0.348,0.157,4.2671201349468e-131
"ENSG00000183018",2.75240749654228e-135,-2.19398516690442,0.101,0.351,9.76636751998097e-131
"ENSG00000071242",1.41001401788564e-134,-0.736866605684284,0.554,0.74,5.0031527396636e-130
"ENSG00000165025",1.53064798293213e-134,-0.598407052783915,0.607,0.815,5.43119823783809e-130
"ENSG00000132122",2.34405037644628e-134,-0.943580551192359,0.396,0.635,8.31739395074435e-130
"ENSG00000151883",1.05781919938003e-133,0.81331442387531,0.787,0.633,3.75345986516016e-129
"ENSG00000114013",1.56776156497218e-133,-1.06209306667809,0.346,0.587,5.5628883609908e-129
"ENSG00000171659",1.88969764245639e-133,-1.54905287420026,0.22,0.464,6.70521414472801e-129
"ENSG00000196126",2.89103046460906e-132,-1.26498527083342,0.28,0.526,1.02582433975723e-127
"ENSG00000164300",3.6158350288692e-131,1.19401807487721,0.442,0.229,1.28300674329366e-126
"ENSG00000134769",1.22006445814821e-130,-0.731742379450105,0.53,0.732,4.32915471684731e-126
"ENSG00000169826",1.66250328423893e-130,1.24635324256452,0.405,0.199,5.89906040346498e-126
"ENSG00000069974",2.19667640782071e-130,1.11946008792082,0.463,0.244,7.79446689787024e-126
"ENSG00000159189",8.03787732156233e-130,-1.12637275855894,0.322,0.569,2.85208001000996e-125
"ENSG00000172667",8.99326078130591e-130,-1.34417831728954,0.268,0.502,3.19107872303078e-125
"ENSG00000197965",1.37457417178908e-129,-1.20919544790406,0.293,0.529,4.87740153375919e-125
"ENSG00000092964",1.58829114945021e-129,-0.862230250149172,0.448,0.663,5.63573348559416e-125
"ENSG00000082269",1.22506769647794e-128,-0.804244161931756,0.476,0.684,4.34690770741268e-124
"ENSG00000128487",3.13145952792062e-128,-0.853155213702426,0.438,0.669,1.11113578429207e-123
"ENSG00000012779",4.07334478369262e-128,-0.775832953925163,0.474,0.707,1.44534492959765e-123
"ENSG00000285534",1.42643747178535e-127,-1.06827756994385,0.301,0.552,5.06142808113595e-123
"ENSG00000198938",2.59421588980285e-127,0.73583951208053,0.742,0.566,9.20505624178747e-123
"ENSG00000185345",8.173144269801e-127,-0.753015148955828,0.5,0.716,2.90007678125349e-122
"ENSG00000028277",1.09008277688558e-126,-0.865784179635762,0.429,0.662,3.8679407172231e-122
"ENSG00000086730",7.73751227979862e-126,-1.08231510155832,0.322,0.561,2.74550148224094e-121
"ENSG00000147408",7.88156760086872e-126,-0.629894820939922,0.575,0.808,2.79661663181625e-121
"ENSG00000227502",2.89384545743982e-125,-2.82192933967459,0.065,0.292,1.02682318366337e-120
"ENSG00000104447",3.00419942462152e-125,0.702976025941892,0.728,0.572,1.06598008183845e-120
"ENSG00000196935",1.2786724589228e-124,-0.623202941025019,0.573,0.797,4.53711348599576e-120
"ENSG00000185650",1.5526574044705e-124,-0.64509212744738,0.606,0.779,5.50929426828268e-120
"ENSG00000196220",1.62749531119294e-124,-0.987811133138072,0.371,0.596,5.77484161270589e-120
"ENSG00000273409",4.46815715441526e-124,-2.33486285803926,0.084,0.317,1.58543620310117e-119
"ENSG00000204287",1.60213971484794e-123,-1.26008036215701,0.258,0.501,5.68487235019494e-119
"ENSG00000136770",2.34950681768726e-123,0.956682651172689,0.549,0.328,8.33675504119969e-119
"ENSG00000286618",5.60925535416623e-123,-2.39712317835612,0.084,0.316,1.9903320773188e-118
"ENSG00000145390",7.09315749763786e-123,-0.95863137975066,0.375,0.607,2.51686507488684e-118
"ENSG00000114251",1.9622451397985e-122,-2.14579478730678,0.1,0.333,6.96263442954701e-118
"ENSG00000145730",3.15396860496564e-122,1.17565103886545,0.441,0.237,1.11912268009996e-117
"ENSG00000174125",4.06525598896395e-122,-1.00099317492518,0.367,0.581,1.44247478256408e-117
"ENSG00000017260",1.19454703967727e-121,-0.753952687983616,0.5,0.694,4.23861126088686e-117
"ENSG00000166128",2.93956272262598e-121,0.875883428319835,0.59,0.367,1.04304504086938e-116
"ENSG00000196352",3.33924048434242e-121,1.49030199647479,0.326,0.148,1.18486270105922e-116
"ENSG00000068724",4.30984108418712e-121,-0.843612424508896,0.453,0.658,1.52926091190212e-116
"ENSG00000148908",5.40510491207369e-121,-1.17071507819538,0.294,0.526,1.91789337595111e-116
"ENSG00000198763",9.02505317918189e-121,0.90136689498066,0.599,0.39,3.20235961956911e-116
"ENSG00000072786",1.61885265492023e-120,0.778298248931783,0.672,0.466,5.74417487545345e-116
"ENSG00000075420",1.87321129509164e-120,0.570786043671855,0.799,0.647,6.64671563837366e-116
"ENSG00000189283",2.00699699735922e-120,-0.513064332686395,0.68,0.868,7.12142744572972e-116
"ENSG00000147324",1.45583209854637e-119,1.24926443812408,0.338,0.151,5.1657290352721e-115
"ENSG00000154330",2.72700784293761e-118,-1.57320013000212,0.178,0.412,9.67624192909552e-114
"ENSG00000173926",9.66178489453536e-118,-1.24864166485775,0.234,0.478,3.42829113412798e-113
"ENSG00000108669",7.26765062811976e-117,0.628178800335965,0.757,0.583,2.57878047237574e-112
"ENSG00000064225",7.76640922002122e-117,-1.00210694979061,0.341,0.572,2.75575498354013e-112
"ENSG00000136156",1.1556588200188e-116,-0.627246476511393,0.604,0.755,4.10062419107272e-112
"ENSG00000136141",1.34013790581818e-116,-0.555768897513722,0.633,0.789,4.75521133121464e-112
"ENSG00000148180",1.73884892449627e-115,-0.885638822781451,0.409,0.619,6.1699576387901e-111
"ENSG00000212907",4.45633605601969e-115,1.23735747710044,0.313,0.137,1.58124172275747e-110
"ENSG00000112079",1.0387889303096e-114,1.0236582928639,0.5,0.294,3.68593476141754e-110
"ENSG00000150867",1.0424474622368e-114,0.512011197818215,0.861,0.738,3.69891633025483e-110
"ENSG00000157388",3.51990622944435e-114,-1.13275142274033,0.291,0.52,1.24896832739374e-109
"ENSG00000118985",1.12692827948381e-113,-0.741838007189561,0.5,0.69,3.99867961409239e-109
"ENSG00000143079",2.05684503173534e-113,-1.06757685175405,0.329,0.543,7.2983032261065e-109
"ENSG00000174718",3.7138364688675e-113,0.836797480090495,0.64,0.439,1.31778059424826e-108
"ENSG00000101849",8.9822664060024e-113,1.19687629328628,0.379,0.188,3.18717758884183e-108
"ENSG00000198727",1.94088071768436e-112,0.810749504261337,0.658,0.461,6.88682705055941e-108
"ENSG00000107863",6.00092402056111e-112,-0.667808279942134,0.544,0.729,2.1293078702157e-107
"ENSG00000116711",2.58762975653711e-111,-1.03640650873481,0.327,0.547,9.18168666512064e-107
"ENSG00000129422",2.84861390111048e-111,-1.07201455052669,0.306,0.529,1.01077367053103e-106
"ENSG00000143641",6.9646090999002e-111,-0.629732228406469,0.581,0.743,2.47125224691759e-106
"ENSG00000111859",9.96924593404427e-111,1.05411040730001,0.485,0.288,3.53738753477693e-106
"ENSG00000103222",4.01071660439173e-110,1.08974286984488,0.418,0.22,1.42312257273632e-105
"ENSG00000234906",6.19068732531772e-110,-2.62899675231047,0.063,0.272,2.19664158364249e-105
"ENSG00000133800",2.17112757351422e-109,1.51548843865679,0.334,0.17,7.7038119691005e-105
"ENSG00000079277",5.42116118964318e-109,-0.665251353010658,0.539,0.709,1.92359062492109e-104
"ENSG00000130402",8.69249858643522e-109,1.03896260599552,0.437,0.235,3.08435927342481e-104
"ENSG00000248309",1.06304738698454e-108,-0.993365326111412,0.348,0.562,3.77201104323724e-104
"ENSG00000136167",1.61565179289815e-108,0.855845816408027,0.598,0.402,5.73281725674051e-104
"ENSG00000102780",7.85572014518713e-108,1.40725960476326,0.28,0.121,2.78744517911675e-103
"ENSG00000205726",1.4701038734053e-107,1.05852348818669,0.517,0.341,5.21636957400401e-103
"ENSG00000090104",2.37238446819259e-107,-1.58736991117296,0.155,0.381,8.41793180848777e-103
"ENSG00000198899",7.77749158054962e-107,0.760345384836803,0.681,0.5,2.75968733752642e-102
"ENSG00000074590",1.30332713259979e-106,-1.26322087892875,0.232,0.454,4.62459566460382e-102
"ENSG00000264031",2.2982865622288e-106,-1.00915173362351,0.344,0.562,8.15501020875644e-102
"ENSG00000142185",6.02441281112904e-106,-0.717239082621481,0.475,0.68,2.13764239777292e-101
"ENSG00000107551",4.52089349963057e-105,-0.939306136852794,0.374,0.573,1.60414864047392e-100
"ENSG00000140968",5.89939197731582e-105,-1.40997112941157,0.211,0.425,2.09328125531097e-100
"ENSG00000205268",2.7081398181074e-103,0.916916642583864,0.582,0.391,9.60929251659048e-99
"ENSG00000105366",3.40047076970852e-103,-2.23297460478081,0.082,0.287,1.20658904321567e-98
"ENSG00000047648",6.25850658818439e-103,-0.79657809421154,0.405,0.63,2.22070589268547e-98
"ENSG00000140548",1.12092243416922e-102,-0.633474662185596,0.534,0.724,3.97736907316263e-98
"ENSG00000203747",2.86695072638786e-102,-1.0290834958384,0.262,0.496,1.0172801262442e-97
"ENSG00000134243",1.22568124071201e-101,-0.793541276488526,0.438,0.632,4.34908474641843e-97
"ENSG00000123908",1.56094917159728e-101,0.993830267820686,0.448,0.251,5.53871594557862e-97
"ENSG00000260314",4.52749156908902e-101,1.45916513923795,0.403,0.252,1.60648983345986e-96
"ENSG00000196776",6.32490599604377e-101,0.915213005972132,0.498,0.299,2.24426639457621e-96
"ENSG00000111846",7.19506782365302e-101,-1.21470217496354,0.239,0.455,2.5530259158668e-96
"ENSG00000178764",2.72042770038912e-100,0.99514601748551,0.449,0.259,9.65289360929071e-96
"ENSG00000136044",3.42303280013676e-100,-0.727501022846162,0.488,0.66,1.21459472847253e-95
"ENSG00000138119",1.43993886261786e-99,-0.993979430060764,0.302,0.52,5.10933506622696e-95
"ENSG00000145990",1.8348918913801e-99,1.35989789140298,0.292,0.135,6.51074689818402e-95
"ENSG00000253582",2.26153231602274e-99,-1.92619428048654,0.116,0.321,8.0245951169435e-95
"ENSG00000133639",2.49759421657724e-99,1.21308644560396,0.406,0.228,8.86221355868101e-95
"ENSG00000125089",6.67867830628411e-99,-0.936310915658646,0.368,0.563,2.36979542341879e-94
"ENSG00000237978",8.33791218056319e-99,-1.78463612850513,0.127,0.333,2.95854137902924e-94
"ENSG00000008083",8.66702525704422e-99,0.644513035120537,0.702,0.547,3.075320571957e-94
"ENSG00000162980",3.20010530011599e-98,-0.94888217219882,0.368,0.554,1.13549336364016e-93
"ENSG00000136040",3.73097167961855e-98,1.14281168753812,0.359,0.183,1.32386068107905e-93
"ENSG00000146433",6.77115067113385e-98,0.864908626913165,0.539,0.338,2.40260739263842e-93
"ENSG00000153823",1.04637748521803e-97,1.29274456638808,0.349,0.183,3.71286123079912e-93
"ENSG00000182389",1.18084916464864e-97,-0.985474931661982,0.333,0.538,4.19000709092276e-93
"ENSG00000084112",1.64953414999868e-97,-0.787226198888379,0.436,0.62,5.85304202444033e-93
"ENSG00000152495",5.03106533670082e-97,1.83694129820396,0.262,0.121,1.78517291342155e-92
"ENSG00000090530",7.38052820529336e-97,-1.73233098441505,0.127,0.332,2.61883282308424e-92
"ENSG00000187715",8.08346926891329e-97,-1.7041300219679,0.135,0.339,2.8682574006885e-92
"ENSG00000166979",3.8828164067302e-96,1.24131138765119,0.296,0.137,1.37773974560008e-91
"ENSG00000150337",5.37558764730221e-96,-1.8041501292907,0.131,0.329,1.90741976489224e-91
"ENSG00000118515",5.99939933299087e-96,-1.27256213065499,0.232,0.441,2.12876686532515e-91
"ENSG00000198108",7.26425936466469e-96,-0.692914448153385,0.468,0.681,2.57757715036397e-91
"ENSG00000166068",1.34255927523512e-95,-0.57197323164324,0.554,0.767,4.76380307631676e-91
"ENSG00000167323",1.52487059756471e-95,0.733687116088412,0.62,0.424,5.41069834133887e-91
"ENSG00000180628",1.79670869589049e-94,0.94901708718623,0.446,0.255,6.37526146562822e-90
"ENSG00000092820",3.61474955712224e-94,1.17977527837432,0.315,0.151,1.28262158535368e-89
"ENSG00000165181",6.64962747006557e-94,-1.20323987713878,0.259,0.459,2.35948731520337e-89
"ENSG00000131378",8.06725198582737e-94,1.19514497925438,0.356,0.188,2.86250302213112e-89
"ENSG00000108950",1.48567396045272e-93,1.27829958353673,0.319,0.16,5.2716169138744e-89
"ENSG00000018280",3.17646649197174e-93,-0.66947382767868,0.445,0.68,1.12710560534633e-88
"ENSG00000244405",6.29388480260343e-93,-1.0403383243912,0.281,0.49,2.23325914450778e-88
"ENSG00000118922",1.06715596498579e-92,1.13949931168907,0.414,0.244,3.78658951055908e-88
"ENSG00000135363",3.86621181750111e-92,-1.46338290746424,0.181,0.378,1.37184793920392e-87
"ENSG00000102445",7.81288512251034e-92,-0.894971200951275,0.342,0.543,2.77224602802034e-87
"ENSG00000133246",9.64190275320082e-92,-1.17448056617486,0.226,0.438,3.42123635391825e-87
"ENSG00000135838",3.53711262841276e-91,-0.67774889150102,0.48,0.67,1.2550736739397e-86
"ENSG00000134686",3.80867949151273e-91,-0.642272101689675,0.506,0.689,1.35143374397346e-86
"ENSG00000154309",4.52567831298243e-91,-0.745174557632838,0.448,0.633,1.60584643579556e-86
"ENSG00000231672",1.6736074978577e-90,1.31575292185288,0.342,0.186,5.93846148464849e-86
"ENSG00000173068",2.99224264540931e-90,-0.639481855739988,0.469,0.704,1.06173745787059e-85
"ENSG00000129515",2.55831192392186e-89,0.803847200249744,0.538,0.351,9.07765819965193e-85
"ENSG00000198840",3.08804974209715e-89,0.744203337027689,0.611,0.437,1.09573268998833e-84
"ENSG00000157933",3.93022556048133e-89,-0.677703959860554,0.488,0.659,1.39456193562559e-84
"ENSG00000105835",3.56232980621929e-87,1.24570259338726,0.377,0.216,1.26402148514079e-82
"ENSG00000146376",4.79593644969175e-87,0.832813646025743,0.547,0.389,1.70174213044413e-82
"ENSG00000159399",8.99819561424586e-87,-1.58645518162477,0.143,0.336,3.19282974980286e-82
"ENSG00000198888",1.01366838361511e-86,0.781469501373182,0.566,0.388,3.59679952558149e-82
"ENSG00000153317",2.11876009968324e-86,0.536860160966445,0.736,0.58,7.51799646170604e-82
"ENSG00000080839",9.68791429369377e-86,1.19463088749912,0.288,0.139,3.43756262883136e-81
"ENSG00000171843",1.9334331000787e-85,1.24073611706296,0.341,0.185,6.86040066900924e-81
"ENSG00000198089",1.38689490446209e-84,1.13312210521051,0.289,0.138,4.92111918950283e-80
"ENSG00000178695",1.95112553222944e-84,-0.950143422667173,0.331,0.509,6.92317872600971e-80
"ENSG00000167601",1.15416653679209e-83,-1.06677819743879,0.255,0.452,4.09532912249936e-79
"ENSG00000177575",1.9575367598871e-83,0.850001133277134,0.549,0.412,6.9459276851074e-79
"ENSG00000182287",2.70453219977917e-83,1.03663960413643,0.299,0.145,9.59649160447644e-79
"ENSG00000249738",2.91136711296478e-83,-2.10390654117247,0.099,0.274,1.03304039269329e-78
"ENSG00000255968",3.81431376422544e-83,-1.81271147534912,0.108,0.29,1.35343295296011e-78
"ENSG00000158470",3.99942262622962e-83,0.929317450072914,0.437,0.261,1.41911513046506e-78
"ENSG00000112038",1.20162172031784e-82,-1.2184812862071,0.187,0.387,4.2637143502038e-78
"ENSG00000227028",1.69879046477778e-82,-1.39311129039596,0.184,0.372,6.027818206171e-78
"ENSG00000159788",1.70569352307356e-82,-0.814726728287623,0.381,0.562,6.0523123279219e-78
"ENSG00000187672",2.02182652089356e-82,-0.762291730658931,0.419,0.6,7.17404704408661e-78
"ENSG00000197535",2.14201760285801e-82,0.535476845996172,0.743,0.616,7.60052106022107e-78
"ENSG00000138758",5.15913473055758e-82,0.907636481290195,0.413,0.238,1.83061577644375e-77
"ENSG00000138767",7.07145139526342e-82,0.938959746125879,0.558,0.394,2.50916309858132e-77
"ENSG00000100280",1.47758979252381e-81,-0.734143965266406,0.439,0.604,5.24293186081224e-77
"ENSG00000229140",1.65468165695619e-81,-1.34396318800506,0.19,0.375,5.87130692337764e-77
"ENSG00000104964",4.5384035279421e-81,1.07634115605621,0.316,0.161,1.6103617238197e-76
"ENSG00000144791",4.30662941807735e-80,0.833990116911157,0.455,0.275,1.52812131641639e-75
"ENSG00000150760",4.71303472151514e-80,1.11889388202275,0.263,0.123,1.67232611023522e-75
"ENSG00000100731",8.08160628122089e-80,0.582706324838713,0.721,0.586,2.86759635676561e-75
"ENSG00000197329",1.95747305549173e-79,-0.587643208885721,0.539,0.697,6.94570164280131e-75
"ENSG00000114166",9.6019311362555e-79,0.836842885863478,0.524,0.351,3.40705322507754e-74
"ENSG00000234428",1.08183495058223e-78,-1.71636019751285,0.117,0.294,3.83867495515092e-74
"ENSG00000154814",5.90329700803417e-78,1.22865735576513,0.344,0.194,2.09466687736076e-73
"ENSG00000155970",8.34464969691479e-78,-0.990230357360009,0.279,0.461,2.96093205195628e-73
"ENSG00000106785",1.44044906441364e-77,0.810873107426693,0.464,0.289,5.11114541525892e-73
"ENSG00000189067",1.6514001915431e-77,0.862595752705339,0.456,0.281,5.85966329965239e-73
"ENSG00000053524",2.28515911873393e-77,-1.20383376300338,0.213,0.4,8.10843010100361e-73
"ENSG00000104490",3.40329208203474e-77,1.51354677745715,0.291,0.156,1.20759012946839e-72
"ENSG00000184574",5.91583776771862e-77,-1.38828642365479,0.166,0.347,2.0991167151196e-72
"ENSG00000136603",2.17124847117186e-76,-0.865068214750471,0.337,0.512,7.70424095025911e-72
"ENSG00000005059",5.7356027407455e-76,0.982513097830269,0.315,0.162,2.03516392049873e-71
"ENSG00000197381",9.83968673016916e-76,1.12086577800231,0.314,0.167,3.49141604246592e-71
"ENSG00000118308",1.18906794735469e-75,-0.824685904932044,0.345,0.523,4.21916979759863e-71
"ENSG00000274020",1.83259044479032e-75,1.27413788146567,0.295,0.156,6.50258067524948e-71
"ENSG00000274536",3.13528298058791e-75,-0.890921973926369,0.302,0.491,1.11249246000201e-70
"ENSG00000136404",3.43113534419347e-75,-1.15995749014815,0.232,0.406,1.21746975418017e-70
"ENSG00000103995",1.76603519037181e-74,1.15384050306762,0.25,0.118,6.26642266599629e-70
"ENSG00000231887",2.41029878821252e-74,0.965449673079497,0.34,0.185,8.55246319021449e-70
"ENSG00000135605",3.70263121786803e-74,1.15696197465307,0.255,0.122,1.31380463503611e-69
"ENSG00000238113",4.42327162707357e-74,-1.63329465904101,0.135,0.302,1.56950947143451e-69
"ENSG00000115183",4.51808502453342e-74,-1.30952167948736,0.174,0.354,1.60315210925519e-69
"ENSG00000008513",5.5453684176523e-74,0.701869078229483,0.563,0.394,1.96766307563557e-69
"ENSG00000154655",8.88842115991592e-74,-0.591517519303998,0.496,0.669,3.15387848017297e-69
"ENSG00000085491",1.40956261791525e-73,1.06143890077976,0.274,0.134,5.00155103714869e-69
"ENSG00000169926",1.42909701150062e-73,1.1340853360252,0.3,0.158,5.07086492590764e-69
"ENSG00000057657",1.51221218118085e-73,1.1189092523202,0.289,0.148,5.36578248248402e-69
"ENSG00000198743",3.08660533451364e-73,1.08404700708028,0.305,0.161,1.09522017084547e-68
"ENSG00000100503",3.13158184701215e-73,0.656730331764179,0.576,0.39,1.11117918677532e-68
"ENSG00000010818",7.74062889271427e-73,0.85690842696649,0.442,0.276,2.7466073500018e-68
"ENSG00000180530",1.25972934000616e-72,-0.502371745523868,0.569,0.725,4.46989761714385e-68
"ENSG00000187554",1.87435603889483e-72,-1.14098758913697,0.235,0.406,6.65077753281054e-68
"ENSG00000225689",3.15687616908073e-72,-0.869793931656138,0.333,0.507,1.12015437107492e-67
"ENSG00000109685",7.06448277540018e-72,0.846401440953054,0.453,0.295,2.50669042319525e-67
"ENSG00000132199",1.54625773175439e-71,1.04704075465213,0.285,0.145,5.4865863095841e-67
"ENSG00000135077",2.34952373195481e-71,-0.733225532105591,0.377,0.553,8.33681505809524e-67
"ENSG00000163291",2.3858636489622e-71,-1.46706727980273,0.15,0.32,8.46575998561256e-67
"ENSG00000120899",3.26401167088009e-71,0.607815394720857,0.63,0.478,1.15816926117838e-66
"ENSG00000119900",1.33824688835925e-70,-0.686424824065718,0.445,0.599,4.74850143396512e-66
"ENSG00000152208",2.04656980815738e-70,-0.957929482318289,0.405,0.543,7.26184365028485e-66
"ENSG00000163110",2.99553068299173e-70,0.890544818479047,0.388,0.232,1.06290415224595e-65
"ENSG00000206503",3.11437051267001e-70,0.972609915817918,0.457,0.306,1.1050720890107e-65
"ENSG00000244694",3.5101585876336e-70,-1.88127541314099,0.098,0.257,1.24550957165003e-65
"ENSG00000089041",5.77499969392348e-70,-0.887438230732671,0.319,0.489,2.04914314139487e-65
"ENSG00000259678",7.83442204673313e-70,-1.77842431110683,0.105,0.265,2.77988797484232e-65
"ENSG00000095303",1.17358447163665e-69,-1.75489255569092,0.101,0.262,4.16422978070833e-65
"ENSG00000068028",1.61771965737614e-69,0.868087699383222,0.395,0.231,5.74015466026774e-65
"ENSG00000070950",1.94918093187727e-69,1.05827372146127,0.252,0.122,6.91627870058012e-65
"ENSG00000100154",4.1245324756999e-69,-0.63214538213537,0.459,0.622,1.4635078583526e-64
"ENSG00000112033",5.09980201687112e-69,-0.697835031774361,0.428,0.585,1.80956274964638e-64
"ENSG00000242574",9.07540205039585e-69,-1.20017041474365,0.196,0.366,3.22022490954196e-64
"ENSG00000148154",1.38575121745764e-68,-0.81026194816135,0.363,0.522,4.91706104490496e-64
"ENSG00000111885",2.14002984986019e-68,0.670520940180471,0.635,0.507,7.59346791625893e-64
"ENSG00000108239",3.36117875715929e-68,-0.647054517345581,0.437,0.605,1.19264705840283e-63
"ENSG00000143891",7.17364699097907e-68,1.05625434337929,0.298,0.159,2.5454251618091e-63
"ENSG00000123124",8.95395294844244e-68,0.714650439822986,0.539,0.383,3.17713112469583e-63
"ENSG00000146416",9.97778657700779e-68,-0.81562206660706,0.35,0.514,3.54041801111967e-63
"ENSG00000231389",1.03397804710772e-67,-1.22181037696926,0.188,0.357,3.66886430455234e-63
"ENSG00000069493",1.21604498538645e-67,0.806134384171504,0.519,0.369,4.31489242164675e-63
"ENSG00000157557",3.07170494767226e-67,-0.808830817380825,0.332,0.504,1.08993306658255e-62
"ENSG00000171488",6.91261561601178e-67,-0.717423626772717,0.388,0.554,2.45280339902946e-62
"ENSG00000228253",1.66397348266074e-66,0.964793904756379,0.285,0.149,5.90427710852511e-62
"ENSG00000143164",1.92710043693903e-66,-0.534528569442865,0.554,0.669,6.83793048039077e-62
"ENSG00000168785",4.94083713500445e-66,0.959339906943461,0.393,0.244,1.75315724061363e-61
"ENSG00000277443",6.8528490624938e-66,-1.05805935648374,0.234,0.4,2.43159643284468e-61
"ENSG00000245864",8.14690285546711e-66,-1.73112727057538,0.097,0.252,2.89076554020539e-61
"ENSG00000173542",1.31550285280321e-65,-0.700433387585341,0.405,0.559,4.66779877260162e-61
"ENSG00000170458",1.47550999246508e-65,-1.00759861520028,0.273,0.436,5.23555210626383e-61
"ENSG00000127314",2.5517139286902e-65,0.501532422219465,0.714,0.586,9.05424653317142e-61
"ENSG00000180776",2.58917292145192e-65,0.826493829500824,0.444,0.292,9.18716227718785e-61
"ENSG00000286071",3.07733344023658e-65,-1.32299859165629,0.164,0.325,1.09193022459915e-60
"ENSG00000184588",5.20706661241915e-65,0.533425460909734,0.707,0.604,1.84762344608469e-60
"ENSG00000132669",6.33981583724773e-65,-0.587713389995404,0.461,0.627,2.24955685353061e-60
"ENSG00000173372",8.88188183396169e-65,-0.908235798671998,0.295,0.463,3.15155813114463e-60
"ENSG00000250155",9.21107529198231e-65,-1.51063216860809,0.131,0.287,3.26836584585408e-60
"ENSG00000132182",1.49108269552404e-64,0.985494212194706,0.341,0.201,5.29080872852793e-60
"ENSG00000133302",6.16681741528899e-64,1.03414054438127,0.275,0.143,2.18817182346699e-59
"ENSG00000131018",1.41881346206327e-63,0.688409398681362,0.574,0.424,5.0343758074391e-59
"ENSG00000105889",3.16189249364902e-63,-1.465506455243,0.144,0.3,1.12193431352148e-58
"ENSG00000228526",4.07355556070412e-63,-0.943110677008488,0.262,0.427,1.44541971960464e-58
"ENSG00000132294",4.31841031969515e-63,0.622862602681054,0.547,0.379,1.53230153373743e-58
"ENSG00000105697",6.18097325803377e-63,-1.29047909789209,0.131,0.296,2.19319474114812e-58
"ENSG00000141664",6.42769515357723e-63,0.77592595043369,0.449,0.294,2.28073907134381e-58
"ENSG00000169896",8.44013899673111e-63,-0.769283662492836,0.347,0.507,2.9948145202101e-58
"ENSG00000109452",1.0410988695609e-62,1.01592042664925,0.406,0.266,3.69413111886294e-58
"ENSG00000107242",1.32721421958119e-62,-1.08090700051421,0.213,0.376,4.70935421533994e-58
"ENSG00000198019",1.56353884519106e-62,-1.60012294328895,0.114,0.265,5.54790488439144e-58
"ENSG00000159733",2.75007816014055e-62,1.1364217808646,0.304,0.174,9.75810233562671e-58
"ENSG00000144677",3.14843688125857e-62,0.952677543798353,0.284,0.151,1.11715985857698e-57
"ENSG00000088387",5.65065571731417e-62,1.14597272432328,0.278,0.152,2.00502216817459e-57
"ENSG00000105939",9.0356921643977e-62,0.593386296859675,0.6,0.438,3.20613465069324e-57
"ENSG00000187514",1.27277952212643e-61,0.645983785922605,0.56,0.408,4.51620357836122e-57
"ENSG00000169403",2.27200723992964e-61,-1.19002291497007,0.188,0.346,8.06176328944232e-57
"ENSG00000085871",2.34073270216207e-61,-1.02104081418395,0.25,0.407,8.30562184708166e-57
"ENSG00000166444",2.49319056131249e-61,-1.28210054645866,0.161,0.319,8.84658806870511e-57
"ENSG00000179981",4.0365220273782e-61,1.04011321421504,0.251,0.127,1.43227911097461e-56
"ENSG00000170153",5.83686065123766e-61,-0.621482246461832,0.402,0.584,2.07109326487866e-56
"ENSG00000164924",5.85335516711877e-61,0.616105420212997,0.579,0.423,2.07694601394875e-56
"ENSG00000214787",1.0096464051305e-60,1.01464358336815,0.277,0.149,3.58252833932454e-56
"ENSG00000069667",1.34349750500829e-60,0.65651031584288,0.584,0.442,4.76713219702091e-56
"ENSG00000253320",1.42970931111226e-60,-1.33643550264673,0.154,0.309,5.07303754861965e-56
"ENSG00000173436",2.76399058969837e-60,-1.33549377895902,0.161,0.313,9.80746780942672e-56
"ENSG00000159110",7.06436847870453e-60,0.590585824800398,0.59,0.433,2.50664986729873e-55
"ENSG00000184007",9.1223623849763e-60,0.705869541685564,0.481,0.323,3.23688784506114e-55
"ENSG00000146192",9.37961812625337e-60,-0.531479857392728,0.491,0.651,3.32816989973848e-55
"ENSG00000066027",1.02185080365249e-59,0.849736046529676,0.389,0.243,3.62583320660014e-55
"ENSG00000182621",1.21413927403581e-59,0.618289635125175,0.662,0.54,4.30813038606128e-55
"ENSG00000108107",1.88092674472119e-59,0.695199720564934,0.557,0.414,6.67409236829419e-55
"ENSG00000137942",2.16401281564891e-59,-0.813035753656123,0.305,0.466,7.67856667376704e-55
"ENSG00000144668",2.87787333378949e-59,-0.714211708175084,0.359,0.519,1.02115579502852e-54
"ENSG00000197081",3.11343023021296e-59,0.541146137766963,0.616,0.462,1.10473844858646e-54
"ENSG00000100242",3.61470901622405e-59,1.04745613982541,0.281,0.154,1.28260720022678e-54
"ENSG00000130816",5.32314512182668e-59,0.848701456442463,0.321,0.182,1.88881158357776e-54
"ENSG00000196605",6.26342149694998e-59,-0.744139887791811,0.356,0.509,2.22244984976276e-54
"ENSG00000116729",1.62293073633742e-58,0.912895352057565,0.327,0.192,5.75864513174605e-54
"ENSG00000206199",3.17451107039797e-58,-0.833022904577618,0.325,0.478,1.12641176310931e-53
"ENSG00000239213",5.09612408660443e-58,-1.34918823585411,0.133,0.283,1.80825770964985e-53
"ENSG00000100345",1.00399653708368e-57,0.658751731991221,0.552,0.406,3.56248091253402e-53
"ENSG00000181690",2.7402633184093e-57,-1.16836013736599,0.161,0.315,9.7232763327117e-53
"ENSG00000006576",3.0194475326737e-57,0.612177802655673,0.539,0.378,1.07139056801861e-52
"ENSG00000183087",3.88168615559547e-57,-0.786568677644805,0.33,0.481,1.37733869858994e-52
"ENSG00000177663",4.58121559264553e-57,-0.528019377529962,0.513,0.64,1.62555272873841e-52
"ENSG00000075618",4.72174915365897e-57,-1.32355684670913,0.152,0.299,1.67541825219281e-52
"ENSG00000117676",9.55449593597568e-57,-0.829668062939224,0.312,0.462,3.39022179296225e-52
"ENSG00000198604",1.08086551885523e-56,0.585086215329046,0.566,0.41,3.835235120554e-52
"ENSG00000287216",1.8637105801558e-56,-1.30288809159268,0.172,0.315,6.61300425156684e-52
"ENSG00000034677",4.41851692203587e-56,0.717107388284251,0.462,0.311,1.56782235944599e-51
"ENSG00000162889",5.81244642409135e-56,0.827142611072137,0.341,0.201,2.06243036466033e-51
"ENSG00000234745",8.49573720671769e-56,0.745752914875085,0.546,0.421,3.01454243305964e-51
"ENSG00000188312",1.76210785640313e-55,0.763081677920118,0.429,0.297,6.25248730687524e-51
"ENSG00000118762",1.88729292004799e-55,-0.623138073971985,0.415,0.564,6.69668146820629e-51
"ENSG00000010610",1.91386828345258e-55,-0.878587294723195,0.269,0.424,6.7909788301748e-51
"ENSG00000140743",4.361790683943e-55,0.725487073473526,0.408,0.26,1.54769418838349e-50
"ENSG00000225313",4.55602848256235e-55,-1.27489204270074,0.149,0.294,1.6166155864676e-50
"ENSG00000130584",6.41297385378841e-55,-1.48757512619479,0.114,0.254,2.27551551253974e-50
"ENSG00000110721",7.51146830086612e-55,-0.618821644909696,0.417,0.563,2.66529429719633e-50
"ENSG00000204525",9.7131314650767e-55,0.864496499952619,0.417,0.282,3.44651043775317e-50
"ENSG00000215244",1.03762988880516e-54,-1.13500264141116,0.161,0.312,3.68182213444734e-50
"ENSG00000197536",1.42347875800858e-54,0.845439131360081,0.379,0.24,5.05092967704183e-50
"ENSG00000146263",2.71078172328025e-54,0.904485527067582,0.322,0.194,9.6186667887153e-50
"ENSG00000176658",3.8128846430863e-54,0.915526665985496,0.32,0.191,1.35292585790631e-49
"ENSG00000150593",4.97113271348114e-54,0.754364545250011,0.455,0.312,1.76390702072451e-49
"ENSG00000107738",5.08703100260033e-54,-0.605053834351193,0.41,0.561,1.80503121065268e-49
"ENSG00000152217",1.02280249858921e-53,-0.667310360353461,0.371,0.522,3.62921010574408e-49
"ENSG00000078304",1.32095516307155e-53,0.567866514883701,0.691,0.576,4.68714520512678e-49
"ENSG00000108518",3.65048489721351e-53,0.893234447094125,0.328,0.198,1.29530155607827e-48
"ENSG00000167693",4.49025441868562e-53,-1.44688806018205,0.13,0.267,1.59327697538222e-48
"ENSG00000186818",5.07717490743244e-53,-1.38142946778503,0.125,0.264,1.80153397240425e-48
"ENSG00000134324",6.65997143693272e-53,1.01979318163686,0.262,0.144,2.36315766496684e-48
"ENSG00000275395",7.00005158911257e-53,-0.907377011787785,0.225,0.384,2.48382830536481e-48
"ENSG00000136238",7.15619422263386e-53,-0.589813420573934,0.453,0.579,2.53923239601717e-48
"ENSG00000286153",1.49995337452485e-52,-1.16291803931921,0.175,0.319,5.32228455882654e-48
"ENSG00000105953",2.93035286663822e-52,0.615063953247526,0.489,0.337,1.03977710766924e-47
"ENSG00000157107",5.52417976742937e-52,0.691340973055589,0.521,0.409,1.96014470687696e-47
"ENSG00000160613",6.79630310089591e-52,0.735788276563439,0.386,0.247,2.4115322292909e-47
"ENSG00000178425",1.92591615822765e-51,0.915412934071185,0.288,0.166,6.83372830423916e-47
"ENSG00000107282",1.95716624649973e-51,-0.701528073470977,0.342,0.49,6.94461299245498e-47
"ENSG00000120802",2.32981257822066e-51,0.71719415094353,0.405,0.265,8.26687397130038e-47
"ENSG00000081377",3.71143428240247e-51,-0.884193570650605,0.249,0.396,1.31692822642487e-46
"ENSG00000136895",4.80497774482426e-51,-0.829124282819807,0.287,0.428,1.70495025319599e-46
"ENSG00000133121",4.12089754604525e-50,0.734293343733763,0.532,0.451,1.46221807626324e-45
"ENSG00000175066",4.85477323489282e-50,0.971324701662949,0.253,0.14,1.72261918693702e-45
"ENSG00000136295",5.90503393692455e-50,0.814435429467569,0.323,0.195,2.09528319183894e-45
"ENSG00000166439",6.5816037142889e-50,0.649095527309894,0.446,0.298,2.33535044594113e-45
"ENSG00000031081",7.93583255369055e-50,-0.62794540835582,0.401,0.537,2.81587146502602e-45
"ENSG00000057704",1.63354276429999e-49,-0.790562028768014,0.295,0.438,5.79629979056567e-45
"ENSG00000138670",1.70992417270185e-49,0.889849781164061,0.276,0.158,6.06732394199798e-45
"ENSG00000134245",1.74712903688068e-49,-1.1626468110394,0.157,0.297,6.19933796156373e-45
"ENSG00000180573",3.94947053288309e-49,-0.694734855576501,0.36,0.5,1.40139062918291e-44
"ENSG00000163590",6.41382625737347e-49,0.615751426443002,0.506,0.37,2.27581797090383e-44
"ENSG00000224101",6.4574861292512e-49,-1.33601958824246,0.127,0.26,2.2913098032422e-44
"ENSG00000282608",8.11996936461127e-49,-1.41850457579326,0.128,0.257,2.88120872964502e-44
"ENSG00000147996",9.42453294092545e-49,-1.20368332932174,0.159,0.292,3.34410702342858e-44
"ENSG00000134046",1.49580260685264e-48,0.599644723299128,0.511,0.368,5.30755638989521e-44
"ENSG00000073060",1.67354317639664e-48,-0.880046019524986,0.253,0.392,5.9382332528082e-44
"ENSG00000166575",3.16040599171353e-48,0.646837754380216,0.416,0.272,1.12140685803971e-43
"ENSG00000075303",3.63800857421941e-48,0.871184998274218,0.258,0.143,1.29087458239027e-43
"ENSG00000106066",6.64043760899149e-48,-0.561857162026784,0.427,0.568,2.35622647679845e-43
"ENSG00000142541",7.2746103812594e-48,0.618524675575769,0.51,0.377,2.58125000158227e-43
"ENSG00000155792",7.67699725030299e-48,-0.932504912020529,0.237,0.373,2.72402893432501e-43
"ENSG00000150347",9.97222309968619e-48,0.677091975227332,0.48,0.351,3.53844392246165e-43
"ENSG00000151090",1.18666942659072e-47,0.599810001102072,0.53,0.408,4.21065912637187e-43
"ENSG00000223865",1.47326570180348e-47,-0.916072144874576,0.219,0.361,5.22758868970928e-43
"ENSG00000100749",1.51815452211196e-47,0.806910337744569,0.266,0.15,5.38686769080985e-43
"ENSG00000258667",1.83152228445056e-47,-1.01065871000846,0.22,0.358,6.49879052191594e-43
"ENSG00000243927",5.97901442989981e-47,0.82153206808343,0.291,0.171,2.12153369016135e-42
"ENSG00000269821",6.24461232546223e-47,-0.916764407628236,0.275,0.407,2.21577579144376e-42
"ENSG00000067113",6.63525825493015e-47,-0.964560871348169,0.197,0.336,2.35438868659687e-42
"ENSG00000112419",8.76448803395248e-47,0.531871622114155,0.55,0.405,3.10990328908736e-42
"ENSG00000164535",1.03232866957146e-46,-0.918941390918612,0.263,0.39,3.66301181824041e-42
"ENSG00000088179",1.41316312415946e-46,0.693716140686918,0.469,0.34,5.01432671345501e-42
"ENSG00000145569",1.57838615201488e-46,-0.653899117566453,0.38,0.508,5.60058758319441e-42
"ENSG00000206560",2.11134262762112e-46,0.909570140545276,0.292,0.176,7.49167704558801e-42
"ENSG00000144893",2.4075526294359e-46,-0.833184857525312,0.234,0.376,8.54271899502741e-42
"ENSG00000106780",3.50578354204469e-46,0.727226082505508,0.401,0.271,1.24395717422372e-41
"ENSG00000172716",4.96649139268436e-46,0.75589312053597,0.285,0.164,1.76226014086619e-41
"ENSG00000138448",5.41515097221252e-46,-0.664536000086917,0.378,0.502,1.92145801947017e-41
"ENSG00000171492",1.11285207210608e-45,-0.565955779532157,0.425,0.556,3.94873300745401e-41
"ENSG00000137936",1.1847947785982e-45,-0.687469323608621,0.326,0.464,4.20400731289998e-41
"ENSG00000142512",1.5122529181532e-45,-1.17075866593279,0.158,0.287,5.36592702948298e-41
"ENSG00000109436",1.81458866077881e-45,-0.649061679809839,0.359,0.496,6.43870494504145e-41
"ENSG00000169902",1.90357697816672e-45,0.829482187673838,0.324,0.204,6.75446219162899e-41
"ENSG00000110651",2.27161976564115e-45,-0.72579033444025,0.324,0.459,8.06038841442448e-41
"ENSG00000153179",2.35874827148371e-45,0.60319561892482,0.493,0.359,8.36954649170565e-41
"ENSG00000117868",2.57715168490748e-45,0.651987730437909,0.431,0.295,9.1445073235572e-41
"ENSG00000133805",3.27394410035505e-45,-0.898419515816566,0.249,0.38,1.16169358512898e-40
"ENSG00000130522",7.39129227424064e-45,0.800951953865181,0.326,0.205,2.62265223766881e-40
"ENSG00000183020",1.1614017175891e-44,0.563761089464229,0.565,0.448,4.12100171452139e-40
"ENSG00000196083",1.35062804491881e-44,-0.689253293471496,0.33,0.464,4.79243349178542e-40
"ENSG00000058668",1.61454923192108e-44,0.621670949266337,0.447,0.31,5.72890503962557e-40
"ENSG00000124406",1.9984962229154e-44,0.752153192009619,0.449,0.334,7.09126414777071e-40
"ENSG00000075651",2.25051858667953e-44,-0.765640665683478,0.292,0.423,7.98551510111496e-40
"ENSG00000104529",3.22522178593102e-44,0.692747299655806,0.355,0.226,1.1444054463019e-39
"ENSG00000115825",4.07813291712081e-44,-0.603921192626402,0.396,0.517,1.44704390298198e-39
"ENSG00000165338",4.14803292182664e-44,-0.64726112091492,0.357,0.491,1.47184652165175e-39
"ENSG00000171055",7.83652662426395e-44,-0.613545418581318,0.378,0.505,2.78063474208758e-39
"ENSG00000104067",8.71819031459423e-44,-0.848340649182777,0.243,0.376,3.09347546932747e-39
"ENSG00000185432",9.18073975056141e-44,-1.09933442453366,0.176,0.302,3.2576018856917e-39
"ENSG00000236383",9.86965352827318e-44,-1.11567146823358,0.161,0.288,3.50204916143717e-39
"ENSG00000100997",1.18412402363247e-43,-0.609727779496297,0.389,0.517,4.20162727305508e-39
"ENSG00000205730",1.90696338587763e-43,-1.05656946383528,0.193,0.317,6.76647818210958e-39
"ENSG00000079691",2.49369697591094e-43,-0.56558697391227,0.429,0.548,8.84838497962479e-39
"ENSG00000225889",2.53099968135941e-43,-1.03442472278867,0.197,0.322,8.9807461693676e-39
"ENSG00000163788",2.94575512478352e-43,0.621114966063329,0.419,0.284,1.04524229092693e-38
"ENSG00000265987",3.80442167507877e-43,-0.844827078999518,0.247,0.379,1.3499229429682e-38
"ENSG00000082781",4.66199441350028e-43,-0.831077128469826,0.243,0.376,1.65421547774231e-38
"ENSG00000122557",5.13053536255316e-43,0.755283234846215,0.332,0.211,1.82046786269474e-38
"ENSG00000157483",5.82434937817029e-43,-0.7236900354653,0.32,0.45,2.06665388985616e-38
"ENSG00000236256",6.63105253245994e-43,-1.31416587504374,0.139,0.259,2.35289637009276e-38
"ENSG00000143384",1.3390647461077e-42,0.723742371466838,0.341,0.218,4.75140343861396e-38
"ENSG00000138134",1.73165922592759e-42,-0.734074755472043,0.286,0.417,6.14444643135888e-38
"ENSG00000047346",1.7425627030866e-42,0.724426192032955,0.389,0.266,6.18313523936219e-38
"ENSG00000169057",2.66355445155101e-42,0.551850913391227,0.507,0.37,9.45109026043844e-38
"ENSG00000106665",3.13411243919398e-42,-0.779618896066432,0.27,0.401,1.1120771167992e-37
"ENSG00000231925",6.52687501704342e-42,0.615833735227794,0.414,0.28,2.31593106229752e-37
"ENSG00000270069",8.55509752857857e-42,-1.09698324990643,0.16,0.284,3.03560525606553e-37
"ENSG00000104880",9.42702691324838e-42,0.783546598671144,0.311,0.195,3.34499195962792e-37
"ENSG00000103769",9.66767731026689e-42,-0.597467414288845,0.411,0.526,3.430381940002e-37
"ENSG00000287195",1.1915545266535e-41,-0.897113109126616,0.201,0.331,4.22799292692462e-37
"ENSG00000168297",1.214055490334e-41,0.60367800714986,0.394,0.263,4.30783309635213e-37
"ENSG00000157657",1.45863749185996e-41,-0.857727935443643,0.237,0.364,5.17568341236671e-37
"ENSG00000168028",1.5657712986221e-41,0.673416787119036,0.433,0.305,5.5558262989008e-37
"ENSG00000164985",1.66566519677297e-41,0.660407920063731,0.362,0.235,5.91027981770953e-37
"ENSG00000058091",2.15872752576383e-41,0.728929081911166,0.352,0.232,7.6598128796678e-37
"ENSG00000101474",2.92704744871912e-41,-0.671920970771374,0.34,0.462,1.03860424622901e-36
"ENSG00000177694",3.13330314682772e-41,-0.622510098699342,0.36,0.485,1.11178995558888e-36
"ENSG00000064763",3.19865928135891e-41,-0.537018623339315,0.429,0.558,1.13498027280458e-36
"ENSG00000144136",5.20057858115979e-41,0.66790763311814,0.348,0.225,1.84532129795293e-36
"ENSG00000115415",6.59634599805422e-41,0.747756075423682,0.321,0.203,2.34058145048958e-36
"ENSG00000186063",6.91989654858366e-41,-0.802000212124974,0.286,0.404,2.45538689233394e-36
"ENSG00000175455",1.48545578187759e-40,0.709936869147277,0.356,0.239,5.27084275083626e-36
"ENSG00000153395",1.86826941264064e-40,0.797077281907007,0.287,0.176,6.62918035687278e-36
"ENSG00000165029",2.57288017415407e-40,0.838333883910999,0.379,0.278,9.12935072195087e-36
"ENSG00000145335",2.80627205513239e-40,-0.560508638360564,0.392,0.521,9.95749513322626e-36
"ENSG00000066294",2.88241587387844e-40,-0.71058117331357,0.301,0.427,1.02276762452829e-35
"ENSG00000156011",4.51077041818964e-40,0.681496744663963,0.476,0.369,1.60055666748623e-35
"ENSG00000083845",4.71421951364168e-40,0.753961519147636,0.289,0.177,1.67274651002548e-35
"ENSG00000125633",6.18317440693539e-40,0.569386965139361,0.429,0.295,2.19397577481289e-35
"ENSG00000174501",6.87845383366041e-40,0.607303185110561,0.423,0.296,2.44068177379772e-35
"ENSG00000151718",8.63585122364457e-40,-0.62622253134042,0.351,0.48,3.0642590896858e-35
"ENSG00000182774",1.31642606331722e-39,0.756673095790688,0.274,0.165,4.67107460046849e-35
"ENSG00000185624",1.81043143316504e-39,0.657073898358855,0.311,0.193,6.42395385429951e-35
"ENSG00000165209",1.83608756003242e-39,-0.618386636427443,0.341,0.47,6.51498948926303e-35
"ENSG00000162819",1.90363169883385e-39,-0.955957738575692,0.242,0.354,6.75465635697217e-35
"ENSG00000129084",2.96061106346885e-39,-0.551491572594386,0.416,0.53,1.05051362365065e-34
"ENSG00000166801",3.46760621745831e-39,0.704190490075511,0.321,0.206,1.23041071414073e-34
"ENSG00000171643",4.00903384137145e-39,-0.8683730534374,0.193,0.321,1.42252547793383e-34
"ENSG00000105968",4.73266012587326e-39,0.732037465513855,0.262,0.155,1.67928979246361e-34
"ENSG00000176788",1.04482875201704e-38,-0.644419235406516,0.339,0.461,3.70736586078205e-34
"ENSG00000160299",1.19167322158288e-38,0.728643792883835,0.285,0.176,4.22841409214255e-34
"ENSG00000284634",1.4315437866812e-38,0.772643054567591,0.318,0.206,5.07954681828091e-34
"ENSG00000136111",1.58922542357282e-38,-0.504805154531396,0.425,0.554,5.63904857046343e-34
"ENSG00000121579",1.85299393143443e-38,0.621280347490714,0.373,0.248,6.5749783669088e-34
"ENSG00000152492",1.97759780008731e-38,-0.669949417924801,0.312,0.434,7.01711027404982e-34
"ENSG00000162929",1.98636402941989e-38,0.674697471101648,0.255,0.149,7.04821548559061e-34
"ENSG00000177570",2.09487171375634e-38,-0.591092690805289,0.376,0.494,7.43323330192161e-34
"ENSG00000163029",5.48765748889422e-38,0.65496096315557,0.318,0.202,1.94718550678434e-33
"ENSG00000197969",8.36629480220649e-38,0.581713639769615,0.407,0.28,2.96861238466693e-33
"ENSG00000118412",1.15869020208628e-37,0.614036836132591,0.324,0.207,4.11138044406275e-33
"ENSG00000164754",1.63998772947563e-37,0.636425407460455,0.341,0.222,5.81916846049837e-33
"ENSG00000150093",1.69818769111719e-37,0.598325470681991,0.453,0.327,6.02567938439114e-33
"ENSG00000189308",2.25610051710917e-37,0.732002467682563,0.277,0.171,8.00532146485847e-33
"ENSG00000004399",3.88872759315955e-37,0.555660000797963,0.47,0.35,1.3798372118808e-32
"ENSG00000100523",5.54243360869335e-37,0.607590567217814,0.381,0.257,1.96662171737266e-32
"ENSG00000170017",5.75414366472835e-37,-0.585290108595504,0.376,0.496,2.04174279655556e-32
"ENSG00000179104",6.23364377493839e-37,0.65501820017881,0.363,0.248,2.21188382066139e-32
"ENSG00000086300",7.31328650844528e-37,0.597621921806522,0.357,0.238,2.59497345179164e-32
"ENSG00000150907",9.86262865408078e-37,0.654740236224735,0.438,0.325,3.49955652532748e-32
"ENSG00000198121",1.09486637698972e-36,-0.682127030913488,0.279,0.404,3.88491436547261e-32
"ENSG00000134987",1.16224109976656e-36,0.770785392975825,0.265,0.162,4.12398009430167e-32
"ENSG00000156026",1.34116185555183e-36,0.598402842400956,0.374,0.253,4.75884461205457e-32
"ENSG00000176225",2.07459862041888e-36,-0.620558753679837,0.375,0.491,7.36129828483233e-32
"ENSG00000143344",2.16010403780376e-36,0.704034666548323,0.512,0.447,7.66469715733907e-32
"ENSG00000154122",2.71348357503873e-36,0.502964449884188,0.511,0.39,9.62825376930994e-32
"ENSG00000096063",3.23933797369593e-36,0.731514214008081,0.3,0.191,1.14941429320653e-31
"ENSG00000103479",3.62187289298405e-36,0.635702665700633,0.428,0.312,1.28514915861753e-31
"ENSG00000166532",4.25058419395664e-36,0.658262430679856,0.271,0.165,1.50823478954163e-31
"ENSG00000128245",8.36518463021811e-36,-0.646962311809001,0.312,0.429,2.96821846234029e-31
"ENSG00000083828",1.05841640732911e-35,0.730086645595832,0.262,0.16,3.75557893812587e-31
"ENSG00000163961",1.24961177552208e-35,0.621114410807938,0.307,0.194,4.433997463085e-31
"ENSG00000110911",1.49260094877386e-35,-0.500944231373256,0.438,0.541,5.29619594653428e-31
"ENSG00000124570",1.58614530368841e-35,-0.526426985246229,0.414,0.519,5.6281193810776e-31
"ENSG00000128294",1.74450024015289e-35,0.773482377644669,0.293,0.19,6.19001020213451e-31
"ENSG00000073578",2.4057509140857e-35,0.713848118263325,0.27,0.166,8.53632596845029e-31
"ENSG00000147853",2.58624540571072e-35,0.756103355650541,0.251,0.151,9.17677457308336e-31
"ENSG00000196141",3.09949517803724e-35,0.512475396341449,0.473,0.356,1.09979387402295e-30
"ENSG00000196418",6.25770434686924e-35,-0.723567276066316,0.298,0.406,2.22042123339961e-30
"ENSG00000134250",6.55047647617942e-35,0.552770862621366,0.48,0.369,2.32430556804274e-30
"ENSG00000186517",6.63892603539014e-35,0.642233335202821,0.376,0.263,2.35569012513748e-30
"ENSG00000055483",6.87385544640597e-35,0.691034333119407,0.333,0.224,2.43905012804823e-30
"ENSG00000034053",9.16242162897956e-35,1.05054528498988,0.255,0.165,3.25110206661082e-30
"ENSG00000152558",1.06150421705943e-34,0.676386942212351,0.292,0.186,3.76653541339199e-30
"ENSG00000136861",1.11220963431698e-34,0.518169622771172,0.455,0.334,3.94645344544695e-30
"ENSG00000116191",1.46852416434191e-34,-0.62761241715812,0.277,0.4,5.21076429233441e-30
"ENSG00000228655",1.68044690501762e-34,-0.509407266832608,0.342,0.467,5.96272975307403e-30
"ENSG00000095002",2.15975463252194e-34,0.673637516643308,0.27,0.168,7.66345736257761e-30
"ENSG00000196396",2.62160696023552e-34,0.513367392971434,0.467,0.34,9.3022479770037e-30
"ENSG00000287778",3.11773403266696e-34,-0.991361154425897,0.18,0.289,1.10626556681122e-29
"ENSG00000133789",3.30396547418497e-34,-0.535096230502416,0.404,0.512,1.17234606920505e-29
"ENSG00000198918",5.67337452346194e-34,0.688605023615364,0.292,0.187,2.01308348216e-29
"ENSG00000162849",6.10526982700227e-34,-1.03850676399653,0.162,0.27,2.16633289271522e-29
"ENSG00000073910",9.49631836894642e-34,0.832267186139316,0.285,0.188,3.36957864685326e-29
"ENSG00000102921",1.41090086635964e-33,0.524254689973521,0.468,0.348,5.00629954410392e-29
"ENSG00000196954",1.63414422534382e-33,0.596375452485652,0.348,0.235,5.79843395478747e-29
"ENSG00000204257",1.79983165567041e-33,-0.908982883292897,0.195,0.304,6.3863426638153e-29
"ENSG00000163349",2.288227099761e-33,0.675841612717908,0.344,0.236,8.11931621808196e-29
"ENSG00000163406",2.75165700699247e-33,-0.735094447315235,0.285,0.39,9.76370455791139e-29
"ENSG00000002549",2.94147493195418e-33,-0.676455924958699,0.309,0.414,1.0437235501053e-28
"ENSG00000120265",3.8206523004591e-33,0.565393955051536,0.335,0.22,1.3556820557719e-28
"ENSG00000142230",4.7676867336303e-33,0.646029441464187,0.28,0.177,1.69171828369404e-28
"ENSG00000113387",6.4761135846611e-33,0.678870255200685,0.308,0.202,2.2979193832453e-28
"ENSG00000105323",7.12459238738788e-33,0.576171443328482,0.36,0.245,2.52801911681684e-28
"ENSG00000137727",8.14294375017912e-33,-0.994400251922449,0.161,0.268,2.88936073087606e-28
"ENSG00000115756",8.44598665258586e-33,0.55715360785163,0.383,0.268,2.99688944393704e-28
"ENSG00000224699",1.00582377621789e-32,0.683334690047221,0.265,0.167,3.56896450515394e-28
"ENSG00000104660",1.34788796586149e-32,0.847627050374428,0.269,0.174,4.78271086926632e-28
"ENSG00000177917",1.43101314622741e-32,0.627993063125209,0.273,0.171,5.0776639467587e-28
"ENSG00000064012",1.49880059671908e-32,0.723076416279673,0.316,0.215,5.31819415733832e-28
"ENSG00000277851",1.57677639854492e-32,-0.930300445137344,0.168,0.276,5.59487569495693e-28
"ENSG00000281404",2.31385171567392e-32,-0.894944154687525,0.193,0.298,8.21024004272579e-28
"ENSG00000224533",2.36967830802945e-32,-0.832313131543229,0.208,0.316,8.40832954038091e-28
"ENSG00000103064",2.63338877147848e-32,-0.602003270000355,0.318,0.428,9.3440533778371e-28
"ENSG00000079156",2.7161815735684e-32,-0.738361722056209,0.233,0.347,9.63782707749274e-28
"ENSG00000076928",3.03859903461789e-32,0.602952931496499,0.401,0.291,1.07818609545347e-27
"ENSG00000137841",3.15598082333532e-32,-0.832921475131463,0.226,0.331,1.11983667554407e-27
"ENSG00000110079",4.09681355680015e-32,0.657205024968896,0.419,0.327,1.4536723543594e-27
"ENSG00000133216",4.3735454894839e-32,-0.991071643457461,0.165,0.268,1.55186514603357e-27
"ENSG00000099250",7.79285702318909e-32,0.657230523890222,0.422,0.335,2.76513945753818e-27
"ENSG00000266714",1.04142819189556e-31,-0.654996967317549,0.324,0.426,3.69529965330302e-27
"ENSG00000156475",1.38205551607674e-31,0.608089574340101,0.501,0.406,4.90394758769509e-27
"ENSG00000184009",1.63335389727543e-31,0.657833687054209,0.367,0.259,5.79562963370239e-27
"ENSG00000122966",1.63789370197507e-31,0.734786087333317,0.255,0.162,5.81173822271814e-27
"ENSG00000111224",2.4005160586581e-31,0.618802713348199,0.305,0.2,8.51775113093654e-27
"ENSG00000106266",2.73982968658937e-31,0.646231918344296,0.261,0.163,9.72173767692506e-27
"ENSG00000111962",3.17055050267334e-31,-0.619682455641106,0.27,0.388,1.12500643486358e-26
"ENSG00000134308",3.52778658718813e-31,0.5654372526011,0.343,0.232,1.25176451473197e-26
"ENSG00000148484",5.52842615875491e-31,0.529851891846238,0.404,0.292,1.96165145391101e-26
"ENSG00000166004",6.40749700170211e-31,0.575789422732099,0.294,0.189,2.27357216111396e-26
"ENSG00000168421",7.44996148270375e-31,0.943846829474936,0.265,0.179,2.64346983290777e-26
"ENSG00000077232",8.08781905742021e-31,-0.764174245605403,0.221,0.328,2.86980083614441e-26
"ENSG00000154310",8.15686956865242e-31,0.71480365642106,0.379,0.282,2.89430202904494e-26
"ENSG00000204482",8.75206390810645e-31,-0.755727831732156,0.201,0.312,3.10549483651341e-26
"ENSG00000204389",1.10868489555339e-30,-0.704838549314803,0.299,0.403,3.93394661489211e-26
"ENSG00000147586",1.47339013841314e-30,-0.528315024027058,0.369,0.476,5.22803022813134e-26
"ENSG00000163106",2.55068683151009e-30,-0.917882111643838,0.155,0.259,9.05060208424725e-26
"ENSG00000204634",2.58117659924244e-30,-0.539397113872805,0.361,0.463,9.15878892709196e-26
"ENSG00000119335",2.61140208710413e-30,0.685631361092234,0.258,0.164,9.26603802567159e-26
"ENSG00000148219",3.11689387238679e-30,0.609686240737189,0.372,0.27,1.105967452739e-25
"ENSG00000100784",4.6790104296586e-30,0.526906306768705,0.403,0.288,1.66025327075576e-25
"ENSG00000167291",4.99867831830079e-30,-0.561763037374585,0.349,0.455,1.77368102768267e-25
"ENSG00000170889",5.1111804699774e-30,0.515739605711468,0.443,0.334,1.81360016616208e-25
"ENSG00000072501",8.3240019533623e-30,0.600079479992083,0.278,0.179,2.95360561311154e-25
"ENSG00000162104",1.4375635167207e-29,0.600772585799453,0.308,0.206,5.10090662638007e-25
"ENSG00000149639",1.50405407768112e-29,-0.701011404237235,0.241,0.346,5.33683508383593e-25
"ENSG00000108055",1.94290873064997e-29,0.610805577939994,0.258,0.163,6.89402304896528e-25
"ENSG00000174130",2.09643471823768e-29,-0.906003286627947,0.178,0.278,7.43877931072278e-25
"ENSG00000144283",2.25331947184099e-29,0.510978098872887,0.392,0.284,7.99545348193337e-25
"ENSG00000173715",2.74243658332513e-29,0.631444314048085,0.269,0.175,9.73098772861257e-25
"ENSG00000122483",4.22101356689312e-29,0.548050998883675,0.356,0.251,1.49774224394069e-24
"ENSG00000158169",4.82838890153365e-29,0.637950744585406,0.274,0.18,1.71325723393119e-24
"ENSG00000236051",9.61525734271216e-29,-0.900236477263725,0.154,0.253,3.41178176291456e-24
"ENSG00000010327",1.09871280087274e-28,0.566182362745787,0.488,0.415,3.89856263133673e-24
"ENSG00000071626",1.1511292308991e-28,0.525300393661241,0.347,0.24,4.08455184999929e-24
"ENSG00000168411",1.321175346993e-28,0.604805918517007,0.283,0.187,4.68792648373524e-24
"ENSG00000172243",1.46671449900882e-28,-0.525424630904259,0.361,0.47,5.20434305683298e-24
"ENSG00000157216",1.5276476179288e-28,0.569321231590823,0.337,0.235,5.42055204269676e-24
"ENSG00000100629",1.80060056776543e-28,0.52746022683289,0.406,0.307,6.38907099460208e-24
"ENSG00000116918",1.84486264935967e-28,-0.720886494378383,0.242,0.344,6.54612613872292e-24
"ENSG00000272325",3.9828859282243e-28,-0.82518868202747,0.226,0.32,1.41324741391183e-23
"ENSG00000078687",4.95185037314991e-28,0.566260216410129,0.384,0.28,1.75706506790478e-23
"ENSG00000151490",5.93673543067232e-28,-0.67629639862358,0.251,0.353,2.10653183286546e-23
"ENSG00000174600",7.23536577012318e-28,-0.562809327333488,0.34,0.44,2.56732483621281e-23
"ENSG00000165914",1.37157723947197e-27,-0.575638471786164,0.336,0.432,4.86676751881838e-23
"ENSG00000286145",1.40784998771947e-27,-0.826256752062549,0.174,0.273,4.99547411142498e-23
"ENSG00000163781",1.59020350859164e-27,0.553763568195281,0.307,0.207,5.64251910953573e-23
"ENSG00000115392",1.72960364286486e-27,0.60521047185924,0.278,0.186,6.13715260597738e-23
"ENSG00000005844",5.87072231446028e-27,0.753275604987782,0.336,0.253,2.08310839883994e-22
"ENSG00000122707",6.92615170711228e-27,-0.640067111274711,0.292,0.387,2.45760641023465e-22
"ENSG00000074416",9.06559009906404e-27,-0.723252538737238,0.216,0.316,3.21674333485089e-22
"ENSG00000065978",1.53297599378996e-26,0.53468000442886,0.337,0.237,5.43945871876492e-22
"ENSG00000164292",1.68895349295546e-26,0.551698308549801,0.288,0.193,5.99291367905386e-22
"ENSG00000171729",1.83872851237654e-26,-0.726553148567676,0.246,0.341,6.52436038046569e-22
"ENSG00000163755",1.85109573191703e-26,-0.608212155184621,0.319,0.412,6.56824298556119e-22
"ENSG00000241685",2.36057386874725e-26,0.527249033767434,0.302,0.204,8.37602425847587e-22
"ENSG00000176953",2.42801846347647e-26,0.518950636610506,0.326,0.225,8.61533791395356e-22
"ENSG00000171863",3.55474320901101e-26,0.572490445415268,0.343,0.243,1.26132953285338e-21
"ENSG00000149273",3.62472411039038e-26,0.511260397307045,0.442,0.339,1.28616085608982e-21
"ENSG00000078237",3.89932035049815e-26,-0.667558295142652,0.266,0.36,1.38359583996726e-21
"ENSG00000128708",4.88390396403051e-26,0.554359188553195,0.263,0.171,1.73295564355695e-21
"ENSG00000167613",5.69908973520283e-26,-0.608188457121011,0.312,0.404,2.02220801074202e-21
"ENSG00000271605",5.87160515579388e-26,-0.875951240755598,0.177,0.267,2.08342165743034e-21
"ENSG00000124496",6.71851458859483e-26,0.553075010303122,0.414,0.321,2.3839305314711e-21
"ENSG00000115318",7.01989225581419e-26,-0.760873969879247,0.214,0.308,2.49086836913055e-21
"ENSG00000113319",7.86332199198132e-26,0.854530685782914,0.253,0.172,2.79014254241473e-21
"ENSG00000091436",8.24043176690673e-26,0.607807481586156,0.252,0.165,2.92395240385152e-21
"ENSG00000152332",1.16446490671283e-25,0.53980310819628,0.311,0.216,4.13187082848914e-21
"ENSG00000161016",1.7027914453183e-25,0.535956992871997,0.336,0.238,6.04201488542291e-21
"ENSG00000081913",1.89757034751556e-25,0.524528623851393,0.338,0.242,6.73314886408946e-21
"ENSG00000116679",2.58308381154143e-25,0.520367755102028,0.41,0.305,9.16555628849244e-21
"ENSG00000125249",3.32799669541621e-25,-0.717951713137704,0.221,0.314,1.18087306743454e-20
"ENSG00000083720",3.63259587333088e-25,0.63534531991537,0.262,0.176,1.288953993734e-20
"ENSG00000160712",4.49867549853012e-25,-0.539641331276712,0.347,0.437,1.59626502714344e-20
"ENSG00000101868",5.2780922624531e-25,0.549541847964047,0.389,0.301,1.87282547748623e-20
"ENSG00000149806",5.30250333280781e-25,0.527863624251737,0.328,0.23,1.8814872575802e-20
"ENSG00000106565",5.34331695625303e-25,-0.864426804468776,0.161,0.252,1.89596915558726e-20
"ENSG00000081923",5.37803156613165e-25,-0.695276027827008,0.212,0.309,1.90828694061049e-20
"ENSG00000142856",6.65044730546428e-25,0.60652807398,0.263,0.176,2.35977821739789e-20
"ENSG00000244625",6.79190607024766e-25,0.706672903662421,0.254,0.17,2.40997203090598e-20
"ENSG00000180354",7.23257621807716e-25,-0.826587439593098,0.169,0.259,2.56633501946032e-20
"ENSG00000128595",1.22684459744787e-24,0.531083131209486,0.27,0.179,4.35321268512428e-20
"ENSG00000117360",1.42725530381094e-24,0.607943646741888,0.25,0.164,5.06432999451237e-20
"ENSG00000223646",1.83864978615723e-24,-0.713038889065634,0.169,0.263,6.52408103622172e-20
"ENSG00000163932",1.95285795680453e-24,-0.629681613877748,0.302,0.384,6.92932588812951e-20
"ENSG00000235162",2.53496405519249e-24,-0.676189410085775,0.187,0.283,8.99481295703952e-20
"ENSG00000181826",2.60506901999799e-24,0.571090934658359,0.29,0.198,9.24356640365885e-20
"ENSG00000257093",3.53207847150393e-24,-0.562013168212681,0.322,0.41,1.25328740404374e-19
"ENSG00000108798",4.81491250203319e-24,-0.778605996180476,0.182,0.272,1.70847540309644e-19
"ENSG00000174705",5.55263083984748e-24,0.596717716472123,0.345,0.256,1.97024000090308e-19
"ENSG00000071127",5.76571652791029e-24,0.614751746789366,0.268,0.182,2.04584919559841e-19
"ENSG00000136938",7.01272013590824e-24,0.5263747120697,0.266,0.178,2.48832348582432e-19
"ENSG00000211455",9.00242115012828e-24,-0.574834631007849,0.315,0.401,3.19432909670002e-19
"ENSG00000123643",1.37187283730192e-23,0.580699624540089,0.266,0.181,4.8678163885984e-19
"ENSG00000100600",1.60762142200563e-23,0.7095602221047,0.299,0.216,5.70432309170257e-19
"ENSG00000026652",5.06819247515614e-23,0.646118539319701,0.262,0.181,1.79834673595965e-18
"ENSG00000131238",5.38660109966369e-23,-0.791894599820008,0.196,0.281,1.91132766819367e-18
"ENSG00000197584",8.68979598511595e-23,-0.752787338094959,0.195,0.284,3.08340030939869e-18
"ENSG00000237638",9.29707583949987e-23,-0.619648925049306,0.255,0.345,3.29888142012974e-18
"ENSG00000035687",1.81618347121299e-22,0.54942013949385,0.295,0.207,6.44436381090504e-18
"ENSG00000196187",2.100184157173e-22,0.547817149794503,0.299,0.21,7.45208344489695e-18
"ENSG00000134419",2.23725808716157e-22,0.558040543465021,0.311,0.222,7.93846287067539e-18
"ENSG00000109971",2.31604279014068e-22,0.557224084049323,0.285,0.2,8.21801463225618e-18
"ENSG00000138604",3.62101270826414e-22,-0.618048556873623,0.258,0.345,1.28484393927337e-17
"ENSG00000137154",3.86372895712152e-22,0.506398706212675,0.348,0.258,1.37096694585543e-17
"ENSG00000103811",4.38243966827959e-22,-0.725166879860935,0.22,0.302,1.55502106749565e-17
"ENSG00000177954",5.284610823256e-22,0.503780454228288,0.406,0.317,1.87513845841593e-17
"ENSG00000174473",5.59384387840026e-22,0.727034029258062,0.379,0.302,1.98486362337276e-17
"ENSG00000100425",7.2575503860915e-22,0.504784600945822,0.303,0.215,2.57519660349685e-17
"ENSG00000172785",1.22197464233315e-21,-0.733539598904391,0.218,0.298,4.3359326233907e-17
"ENSG00000181192",1.50248237322443e-21,-0.727617279362881,0.202,0.286,5.33125820491225e-17
"ENSG00000152953",1.61593739028321e-21,-0.500419407769726,0.31,0.405,5.73383064194191e-17
"ENSG00000083290",1.91808138813473e-21,-0.533411866419199,0.318,0.402,6.80592818951845e-17
"ENSG00000164543",2.30849121983759e-21,0.646886921218402,0.356,0.28,8.19121939534974e-17
"ENSG00000105640",2.33720463441128e-21,0.524598889970464,0.336,0.248,8.29310320428154e-17
"ENSG00000167851",2.60209654802352e-21,-0.5688863882467,0.263,0.351,9.23301918135186e-17
"ENSG00000123143",2.71550294966516e-21,0.51286794809604,0.277,0.192,9.6354191162969e-17
"ENSG00000008256",2.93157930553596e-21,-0.585607421637298,0.253,0.34,1.04021228498332e-16
"ENSG00000076554",3.61519473691528e-21,0.612207330249168,0.284,0.203,1.28277954849965e-16
"ENSG00000099204",5.03968899216013e-21,0.577575292198001,0.281,0.202,1.78823284508818e-16
"ENSG00000243716",6.37846568162786e-21,0.50752624224012,0.304,0.217,2.26327097781202e-16
"ENSG00000160953",9.17455904010011e-21,-0.6169199557266,0.258,0.342,3.25540878419872e-16
"ENSG00000143815",1.05678068427862e-20,0.506273376244632,0.302,0.217,3.74977490202583e-16
"ENSG00000101439",1.63068501931934e-20,-0.532551168099897,0.311,0.394,5.78615965405083e-16
"ENSG00000263327",1.69205226453505e-20,-0.570993284405537,0.285,0.367,6.0039090502497e-16
"ENSG00000164674",1.73646657263389e-20,0.712035231795028,0.416,0.36,6.16150433967684e-16
"ENSG00000167658",1.85072478107758e-20,0.546600178605658,0.284,0.203,6.56692674069757e-16
"ENSG00000108960",1.87171443117262e-20,-0.737993201012584,0.179,0.259,6.6414043161298e-16
"ENSG00000128928",1.90517550933227e-20,-0.62183265019227,0.198,0.285,6.7601342597637e-16
"ENSG00000103121",2.68519900933183e-20,0.509130302799354,0.254,0.174,9.52789164481213e-16
"ENSG00000221869",3.60243359896478e-20,-0.572844767805826,0.336,0.412,1.27825151392067e-15
"ENSG00000100316",5.49839663535352e-20,0.508428487985253,0.417,0.334,1.95099607812249e-15
"ENSG00000162496",7.02848986874776e-20,-0.549701858363854,0.248,0.334,2.49391906012777e-15
"ENSG00000137161",1.23037646421226e-19,-0.688586427346983,0.232,0.31,4.36574480796438e-15
"ENSG00000156482",1.2871019277914e-19,0.57371177624242,0.315,0.233,4.56702377038222e-15
"ENSG00000171298",2.07315398672074e-19,-0.676497866584873,0.225,0.303,7.3561722910812e-15
"ENSG00000059378",2.3311646979411e-19,0.500319804027612,0.269,0.19,8.27167169770441e-15
"ENSG00000166579",2.94374507124634e-19,0.505049143264425,0.306,0.224,1.04452906363034e-14
"ENSG00000122417",3.82536923152157e-19,0.515890033608209,0.308,0.227,1.3573557644208e-14
"ENSG00000141699",4.01880539142464e-19,0.504911833816091,0.266,0.188,1.4259927170392e-14
"ENSG00000241399",7.41925535376011e-19,-0.51473205167225,0.312,0.389,2.6325743771747e-14
"ENSG00000103489",8.72408131707923e-19,0.506650146121482,0.39,0.316,3.09556577373922e-14
"ENSG00000266049",1.06696889121676e-18,0.6420838955083,0.277,0.203,3.78592571670444e-14
"ENSG00000164654",1.60288603362502e-18,-0.521440132487118,0.294,0.369,5.68752051311164e-14
"ENSG00000139971",1.86291367046966e-18,-0.518836312839752,0.293,0.372,6.61017657692749e-14
"ENSG00000144218",2.37221794864637e-18,0.536891619470064,0.335,0.257,8.41734094718191e-14
"ENSG00000196535",4.05114388749747e-18,-0.646746329372667,0.199,0.276,1.43746738560073e-13
"ENSG00000226124",1.02496530163977e-17,-0.633021744920596,0.202,0.279,3.63688437980841e-13
"ENSG00000183486",1.55535125839333e-17,0.508545427241823,0.268,0.195,5.51885287015705e-13
"ENSG00000178852",2.19088367443387e-17,-0.533144542586239,0.271,0.346,7.7739125419937e-13
"ENSG00000183323",4.86468884250924e-17,-0.67586949875092,0.177,0.25,1.72613754198755e-12
"ENSG00000171860",5.44246515912804e-17,-0.707688296358431,0.193,0.263,1.9311499124134e-12
"ENSG00000078070",5.77068322787677e-17,-0.50317381247552,0.277,0.352,2.04761152974751e-12
"ENSG00000140332",8.4461639145603e-17,-0.571277935180898,0.255,0.326,2.99695234180343e-12
"ENSG00000198242",1.10400871663383e-16,0.581566590029123,0.276,0.206,3.91735412923184e-12
"ENSG00000137266",1.40903507047127e-16,-0.664360275607536,0.187,0.26,4.9996791405532e-12
"ENSG00000196247",1.68552244831804e-16,0.530348928247231,0.256,0.186,5.9807393033669e-12
"ENSG00000159388",2.10364258975943e-16,-0.65880771183865,0.249,0.316,7.46435500124338e-12
"ENSG00000203739",2.81606912733297e-16,0.525367642109809,0.299,0.227,9.99225808451557e-12
"ENSG00000171700",8.55524683556609e-16,-0.626761424226051,0.188,0.257,3.03565823466392e-11
"ENSG00000130396",9.79503955242043e-16,-0.59830900466907,0.222,0.291,3.47557388438534e-11
"ENSG00000132965",1.83830109883253e-15,-0.528090299598861,0.24,0.31,6.52284378898746e-11
"ENSG00000196586",3.22285260119847e-15,-0.522207282389409,0.197,0.27,1.14356478848325e-10
"ENSG00000010671",3.26704063438429e-15,-0.646341940440295,0.2,0.265,1.15924402829858e-10
"ENSG00000165097",5.9537464816802e-15,-0.533076522559232,0.241,0.31,2.11256786409459e-10
"ENSG00000139722",8.55329606455907e-15,0.537952118495598,0.303,0.236,3.0349660425875e-10
"ENSG00000166432",1.94103807721001e-14,-0.583258361540353,0.199,0.267,6.88738540936427e-10
"ENSG00000155846",6.77754193417308e-14,-0.546889174341995,0.234,0.298,2.40487520450263e-09
"ENSG00000131669",7.15345546715881e-14,-0.592372172922653,0.22,0.281,2.53826060341196e-09
"ENSG00000204767",8.56650981521018e-14,-0.526727700829186,0.212,0.277,3.03965467773103e-09
"ENSG00000123933",1.18626027299737e-13,-0.514498816730881,0.23,0.295,4.20920732667657e-09
"ENSG00000107736",1.68762835208567e-13,-0.574829635635501,0.207,0.27,5.98821168170559e-09
"ENSG00000168961",1.88279352449815e-13,-0.50501183247813,0.284,0.341,6.68071626297677e-09
"ENSG00000089060",2.55726675495618e-13,-0.643827202274116,0.196,0.256,9.07394962661102e-09
"ENSG00000226824",3.33832927067858e-13,-0.533336853012362,0.215,0.278,1.18453937511488e-08
"ENSG00000143162",1.83222116036986e-12,-0.506978203314893,0.238,0.298,6.50127034334037e-08
"ENSG00000173530",3.58567414813161e-12,-0.60135750993676,0.198,0.254,1.27230475798154e-07
"ENSG00000117448",4.92203699306573e-12,-0.555601078862866,0.238,0.292,1.74648638624951e-07
"ENSG00000196576",1.13494073890758e-11,-0.530661747328732,0.203,0.259,4.02711022386577e-07
"ENSG00000236287",2.8141925772835e-11,-0.505352541889748,0.233,0.289,9.98559952197504e-07
"ENSG00000234705",3.02232974117762e-11,-0.516026376351514,0.217,0.274,1.07241326206205e-06
"ENSG00000129450",7.20455920050185e-11,-0.51450936336946,0.222,0.275,2.55639374111407e-06
"ENSG00000183230",3.07226066267642e-10,-0.512666672916514,0.199,0.253,1.09013025093747e-05
"ENSG00000179331",2.54844795281322e-09,-0.502590008568632,0.221,0.267,9.04265787096714e-05
